-- phpMyAdmin SQL Dump
-- version 3.2.0.1
-- http://www.phpmyadmin.net
--
-- Host: localhost
-- Generation Time: Mar 12, 2017 at 09:06 AM
-- Server version: 5.1.36
-- PHP Version: 5.3.0

SET SQL_MODE="NO_AUTO_VALUE_ON_ZERO";


/*!40101 SET @OLD_CHARACTER_SET_CLIENT=@@CHARACTER_SET_CLIENT */;
/*!40101 SET @OLD_CHARACTER_SET_RESULTS=@@CHARACTER_SET_RESULTS */;
/*!40101 SET @OLD_COLLATION_CONNECTION=@@COLLATION_CONNECTION */;
/*!40101 SET NAMES utf8 */;

--
-- Database: `maxnewswire`
--

-- --------------------------------------------------------

--
-- Table structure for table `action`
--

CREATE TABLE IF NOT EXISTS `action` (
  `id` int(11) NOT NULL AUTO_INCREMENT,
  `controller_id` int(11) NOT NULL,
  `action` varchar(255) NOT NULL,
  PRIMARY KEY (`id`)
) ENGINE=InnoDB  DEFAULT CHARSET=latin1 AUTO_INCREMENT=191 ;

--
-- Dumping data for table `action`
--

INSERT INTO `action` (`id`, `controller_id`, `action`) VALUES
(1, 1, 'addAction'),
(2, 1, 'updateAction'),
(3, 1, 'viewAction'),
(4, 1, 'listAction'),
(5, 1, 'deleteAction'),
(6, 2, 'addAction'),
(7, 2, 'viewAction'),
(8, 2, 'listAction'),
(9, 2, 'deleteAction'),
(10, 2, 'editAction'),
(11, 2, 'addattendanceAction'),
(12, 2, 'viewattendanceAction'),
(13, 2, 'listattendanceAction'),
(14, 2, 'deleteattendanceAction'),
(15, 2, 'editattendanceAction'),
(16, 2, 'addscoreAction'),
(17, 2, 'viewscoreAction'),
(18, 2, 'listscoreAction'),
(19, 2, 'deletescoreAction'),
(20, 2, 'editscoreAction'),
(21, 2, 'addgradeAction'),
(22, 2, 'viewgradeAction'),
(23, 2, 'listgradeAction'),
(24, 2, 'deletegradeAction'),
(25, 2, 'editgradeAction'),
(26, 3, 'addAction'),
(27, 3, 'viewAction'),
(28, 3, 'listAction'),
(29, 3, 'deleteAction'),
(30, 3, 'editAction'),
(31, 3, 'addclassAction'),
(32, 3, 'viewclassAction'),
(33, 3, 'listclassAction'),
(34, 3, 'deleteclassAction'),
(35, 3, 'editclassAction'),
(36, 3, 'addmedicalAction'),
(37, 3, 'viewmedicalAction'),
(38, 3, 'listmedicalAction'),
(39, 3, 'deletemedicalAction'),
(40, 3, 'editmedicalAction'),
(41, 5, 'addAction'),
(42, 5, 'viewAction'),
(43, 5, 'listAction'),
(44, 5, 'deleteAction'),
(45, 5, 'editAction'),
(46, 5, 'addnotesAction'),
(47, 5, 'viewnotesAction'),
(48, 5, 'listnotesAction'),
(49, 5, 'deletenotesAction'),
(50, 5, 'editnotesAction'),
(51, 5, 'addassignmentAction'),
(52, 5, 'viewassignmentAction'),
(53, 5, 'listassignmentAction'),
(54, 5, 'deleteassignmentAction'),
(55, 5, 'editassignmentAction'),
(56, 6, 'addAction'),
(57, 6, 'viewAction'),
(58, 6, 'listAction'),
(59, 6, 'deleteAction'),
(60, 6, 'editAction'),
(61, 6, 'addfeeAction'),
(62, 6, 'viewfeeAction'),
(63, 6, 'listfeeAction'),
(64, 6, 'deletefeeAction'),
(65, 6, 'editfeeAction'),
(66, 7, 'addAction'),
(67, 7, 'viewAction'),
(68, 7, 'listAction'),
(69, 7, 'deleteAction'),
(70, 7, 'editAction'),
(71, 7, 'addclassAction'),
(72, 7, 'viewclassAction'),
(73, 7, 'listclassAction'),
(74, 7, 'deleteclassAction'),
(75, 7, 'editclassAction'),
(76, 10, 'addAction'),
(77, 10, 'viewAction'),
(78, 10, 'listAction'),
(79, 10, 'deleteAction'),
(80, 10, 'editAction'),
(81, 10, 'addphychomotorAction'),
(82, 10, 'viewphychomotorAction'),
(83, 10, 'listphychomotorAction'),
(84, 10, 'deletephychomotorAction'),
(85, 10, 'editphychomotorAction'),
(86, 10, 'adddomainAction'),
(87, 10, 'viewdomainAction'),
(88, 10, 'listdomainAction'),
(89, 10, 'deletedomainAction'),
(90, 10, 'editdomainAction'),
(91, 11, 'addAction'),
(92, 11, 'viewAction'),
(93, 11, 'listAction'),
(94, 11, 'deleteAction'),
(95, 11, 'editAction'),
(96, 11, 'addstaffsubjectAction'),
(97, 11, 'viewstaffsubjectAction'),
(98, 11, 'liststaffsubjectAction'),
(99, 11, 'deletestaffsubjectAction'),
(100, 11, 'editstaffsubjectAction'),
(101, 11, 'addstaffteacherAction'),
(102, 11, 'viewstaffteacherAction'),
(103, 11, 'liststaffteacherAction'),
(104, 11, 'deletestaffteacherAction'),
(105, 11, 'editstaffteacherAction'),
(106, 11, 'addstaffcategoryAction'),
(107, 11, 'viewstaffcategoryAction'),
(108, 11, 'liststaffcategoryAction'),
(109, 11, 'deletestaffcategoryAction'),
(110, 11, 'editstaffcategoryAction'),
(111, 11, 'addstaffpositionAction'),
(112, 11, 'viewstaffpositionAction'),
(113, 11, 'liststaffpositionAction'),
(114, 11, 'deletestaffpositionAction'),
(115, 11, 'editstaffpositionAction'),
(116, 16, 'addAction'),
(117, 16, 'viewAction'),
(118, 16, 'listAction'),
(119, 16, 'deleteAction'),
(120, 16, 'editAction'),
(121, 16, 'addtypeAction'),
(122, 16, 'viewtypeAction'),
(123, 16, 'listtypeAction'),
(124, 16, 'deletetypeAction'),
(125, 16, 'edittypeAction'),
(126, 16, 'addhouseAction'),
(127, 16, 'viewhouseAction'),
(128, 16, 'listhouseAction'),
(129, 16, 'deletehouseAction'),
(130, 16, 'edithouseAction'),
(131, 16, 'parentAction'),
(132, 16, 'classAction'),
(133, 16, 'studenttypeAction'),
(134, 16, 'studenthouseAction'),
(135, 16, 'stateAction'),
(136, 12, 'addAction'),
(137, 12, 'viewAction'),
(138, 12, 'listAction'),
(139, 12, 'deleteAction'),
(140, 12, 'editAction'),
(141, 12, 'addsubjectAction'),
(142, 12, 'viewsubjectAction'),
(143, 12, 'listsubjectAction'),
(144, 12, 'deletesubjectAction'),
(145, 12, 'editsubjectAction'),
(146, 13, 'addAction'),
(147, 13, 'addsessionAction'),
(148, 13, 'addsessiontermAction'),
(149, 13, 'addcurrenttermAction'),
(150, 13, 'updateAction'),
(151, 13, 'viewAction'),
(152, 13, 'listAction'),
(153, 13, 'listsessionAction'),
(154, 13, 'listsessiontermAction'),
(155, 13, 'listscurrenttermAction'),
(156, 13, 'deleteAction'),
(157, 13, 'deletesessionAction'),
(158, 13, 'deletesessiontermAction'),
(159, 13, 'deletecurrenttermAction'),
(160, 13, 'editAction'),
(161, 13, 'editsessionAction'),
(162, 13, 'editsessiontermAction'),
(163, 13, 'editcurrenttermAction'),
(164, 11, 'addspecializationAction'),
(165, 11, 'listspecializationAction'),
(166, 11, 'deletespecializationAction'),
(167, 11, 'editspecializationAction'),
(168, 17, 'listbankAction'),
(169, 17, 'deletebankAction'),
(170, 17, 'addbankAction'),
(171, 17, 'editbankAction'),
(172, 17, 'listbankbranchAction'),
(173, 17, 'deletebankbranchAction'),
(174, 17, 'addbankbranchAction'),
(175, 17, 'editbankbranchAction'),
(176, 17, 'addAction'),
(177, 17, 'viewAction'),
(178, 17, 'listAction'),
(179, 17, 'deleteAction'),
(180, 17, 'editAction'),
(181, 17, 'addexpensesAction'),
(182, 17, 'viewexpensesAction'),
(183, 17, 'listexpensesAction'),
(184, 17, 'deleteexpensesAction'),
(185, 17, 'editexpensesAction'),
(186, 17, 'listexpreportAction'),
(187, 17, 'viewexppaymentAction'),
(188, 17, 'listexppaymentAction'),
(189, 17, 'deleteexppaymentAction'),
(190, 17, 'editexppaymentAction');

-- --------------------------------------------------------

--
-- Table structure for table `audit_trail`
--

CREATE TABLE IF NOT EXISTS `audit_trail` (
  `id` int(11) NOT NULL AUTO_INCREMENT,
  `section` varchar(100) DEFAULT NULL,
  `user_id` int(11) DEFAULT NULL,
  `access_date_time` timestamp NULL DEFAULT NULL,
  `data` text,
  `usertype` varchar(45) DEFAULT NULL,
  PRIMARY KEY (`id`),
  KEY `user_id` (`user_id`)
) ENGINE=InnoDB  DEFAULT CHARSET=latin1 AUTO_INCREMENT=233 ;

--
-- Dumping data for table `audit_trail`
--

INSERT INTO `audit_trail` (`id`, `section`, `user_id`, `access_date_time`, `data`, `usertype`) VALUES
(1, 'Subject/list', 1, '2017-02-18 09:06:12', 'a:1:{s:1:"q";s:12:"Subject/list";}', 'users'),
(2, 'Dashboard/countSchool', 434, '2017-02-18 09:06:59', 'a:1:{s:1:"q";s:21:"Dashboard/countSchool";}', 'staff'),
(3, 'Dashboard/classcount', 434, '2017-02-18 09:07:00', 'a:1:{s:1:"q";s:20:"Dashboard/classcount";}', 'staff'),
(4, 'Dashboard/countSchool', 434, '2017-02-18 09:07:00', 'a:1:{s:1:"q";s:21:"Dashboard/countSchool";}', 'staff'),
(5, 'Dashboard/countTeacher', 434, '2017-02-18 09:07:01', 'a:1:{s:1:"q";s:22:"Dashboard/countTeacher";}', 'staff'),
(6, 'Dashboard/countStudent', 434, '2017-02-18 09:07:01', 'a:1:{s:1:"q";s:22:"Dashboard/countStudent";}', 'staff'),
(7, 'Dashboard/countParent', 434, '2017-02-18 09:07:01', 'a:1:{s:1:"q";s:21:"Dashboard/countParent";}', 'staff'),
(8, 'Dashboard/latestStudent', 434, '2017-02-18 09:07:02', 'a:1:{s:1:"q";s:23:"Dashboard/latestStudent";}', 'staff'),
(9, 'Dashboard/latestParent', 434, '2017-02-18 09:07:02', 'a:1:{s:1:"q";s:22:"Dashboard/latestParent";}', 'staff'),
(10, 'Dashboard/lastMonth', 434, '2017-02-18 09:07:02', 'a:1:{s:1:"q";s:19:"Dashboard/lastMonth";}', 'staff'),
(11, 'Feetype/list', 434, '2017-02-18 09:07:14', 'a:1:{s:1:"q";s:12:"Feetype/list";}', 'staff'),
(12, 'Feetype/add', 434, '2017-02-18 09:07:17', 'a:1:{s:1:"q";s:11:"Feetype/add";}', 'staff'),
(13, 'Feetype/add', 434, '2017-02-18 09:07:35', 'a:5:{s:1:"q";s:11:"Feetype/add";s:4:"form";s:11:"frmfeestype";s:4:"name";s:13:"Admission Fee";s:7:"isfixed";s:1:"2";s:8:"schoolid";s:1:"9";}', 'staff'),
(14, 'Feetype/list', 434, '2017-02-18 09:07:35', 'a:1:{s:1:"q";s:12:"Feetype/list";}', 'staff'),
(15, 'Feetype/add', 434, '2017-02-18 09:07:39', 'a:1:{s:1:"q";s:11:"Feetype/add";}', 'staff'),
(16, 'Feetype/add', 434, '2017-02-18 09:07:57', 'a:5:{s:1:"q";s:11:"Feetype/add";s:4:"form";s:11:"frmfeestype";s:4:"name";s:13:"Transport Fee";s:7:"isfixed";s:1:"1";s:8:"schoolid";s:1:"9";}', 'staff'),
(17, 'Feetype/list', 434, '2017-02-18 09:07:57', 'a:1:{s:1:"q";s:12:"Feetype/list";}', 'staff'),
(18, 'Feetype/add', 434, '2017-02-18 09:08:02', 'a:1:{s:1:"q";s:11:"Feetype/add";}', 'staff'),
(19, 'Feetype/add', 434, '2017-02-18 09:08:13', 'a:5:{s:1:"q";s:11:"Feetype/add";s:4:"form";s:11:"frmfeestype";s:4:"name";s:8:"Book Fee";s:7:"isfixed";s:1:"2";s:8:"schoolid";s:1:"9";}', 'staff'),
(20, 'Feetype/list', 434, '2017-02-18 09:08:14', 'a:1:{s:1:"q";s:12:"Feetype/list";}', 'staff'),
(21, 'Feetype/add', 434, '2017-02-18 09:08:20', 'a:1:{s:1:"q";s:11:"Feetype/add";}', 'staff'),
(22, 'Feetype/add', 434, '2017-02-18 09:08:38', 'a:5:{s:1:"q";s:11:"Feetype/add";s:4:"form";s:11:"frmfeestype";s:4:"name";s:11:"Uniform Fee";s:7:"isfixed";s:1:"2";s:8:"schoolid";s:1:"9";}', 'staff'),
(23, 'Feetype/list', 434, '2017-02-18 09:08:38', 'a:1:{s:1:"q";s:12:"Feetype/list";}', 'staff'),
(24, 'Feetype/add', 434, '2017-02-18 09:08:41', 'a:1:{s:1:"q";s:11:"Feetype/add";}', 'staff'),
(25, 'Feetype/add', 434, '2017-02-18 09:08:51', 'a:5:{s:1:"q";s:11:"Feetype/add";s:4:"form";s:11:"frmfeestype";s:4:"name";s:10:"Tution Fee";s:7:"isfixed";s:1:"1";s:8:"schoolid";s:1:"9";}', 'staff'),
(26, 'Feetype/list', 434, '2017-02-18 09:08:51', 'a:1:{s:1:"q";s:12:"Feetype/list";}', 'staff'),
(27, 'Feetype/list', 1, '2017-02-18 09:09:01', 'a:1:{s:1:"q";s:12:"Feetype/list";}', 'users'),
(28, 'Index/approve', 1, '2017-02-18 09:09:06', 'a:4:{s:1:"q";s:13:"Index/approve";s:2:"id";s:2:"67";s:3:"tab";s:8:"feestype";s:2:"yn";s:1:"1";}', 'users'),
(29, 'Index/approve', 1, '2017-02-18 09:09:07', 'a:4:{s:1:"q";s:13:"Index/approve";s:2:"id";s:2:"68";s:3:"tab";s:8:"feestype";s:2:"yn";s:1:"1";}', 'users'),
(30, 'Index/approve', 1, '2017-02-18 09:09:08', 'a:4:{s:1:"q";s:13:"Index/approve";s:2:"id";s:2:"69";s:3:"tab";s:8:"feestype";s:2:"yn";s:1:"1";}', 'users'),
(31, 'Index/approve', 1, '2017-02-18 09:09:12', 'a:4:{s:1:"q";s:13:"Index/approve";s:2:"id";s:2:"70";s:3:"tab";s:8:"feestype";s:2:"yn";s:1:"1";}', 'users'),
(32, 'Index/approve', 1, '2017-02-18 09:09:13', 'a:4:{s:1:"q";s:13:"Index/approve";s:2:"id";s:2:"71";s:3:"tab";s:8:"feestype";s:2:"yn";s:1:"1";}', 'users'),
(33, 'Feetype/list', 434, '2017-02-18 09:09:20', 'a:1:{s:1:"q";s:12:"Feetype/list";}', 'staff'),
(34, 'Feetype/listfee', 434, '2017-02-18 09:09:26', 'a:1:{s:1:"q";s:15:"Feetype/listfee";}', 'staff'),
(35, 'Feetype/addfee', 434, '2017-02-18 09:09:28', 'a:2:{s:1:"q";s:14:"Feetype/addfee";s:2:"id";s:0:"";}', 'staff'),
(36, 'Class/list', 434, '2017-02-18 09:09:42', 'a:1:{s:1:"q";s:10:"Class/list";}', 'staff'),
(37, 'Class/add', 434, '2017-02-18 09:09:44', 'a:1:{s:1:"q";s:9:"Class/add";}', 'staff'),
(38, 'Class/add', 434, '2017-02-18 09:10:30', 'a:4:{s:1:"q";s:9:"Class/add";s:4:"form";s:8:"frmclass";s:8:"schoolid";s:1:"9";s:4:"name";s:13:"SDI-Pre class";}', 'staff'),
(39, 'Class/list', 434, '2017-02-18 09:10:31', 'a:1:{s:1:"q";s:10:"Class/list";}', 'staff'),
(40, 'Class/add', 434, '2017-02-18 09:10:37', 'a:1:{s:1:"q";s:9:"Class/add";}', 'staff'),
(41, 'Class/add', 434, '2017-02-18 09:10:48', 'a:4:{s:1:"q";s:9:"Class/add";s:4:"form";s:8:"frmclass";s:8:"schoolid";s:1:"9";s:4:"name";s:6:"SDI-01";}', 'staff'),
(42, 'Class/list', 434, '2017-02-18 09:10:48', 'a:1:{s:1:"q";s:10:"Class/list";}', 'staff'),
(43, 'Class/add', 434, '2017-02-18 09:10:51', 'a:1:{s:1:"q";s:9:"Class/add";}', 'staff'),
(44, 'Class/add', 434, '2017-02-18 09:11:01', 'a:4:{s:1:"q";s:9:"Class/add";s:4:"form";s:8:"frmclass";s:8:"schoolid";s:1:"9";s:4:"name";s:6:"SDI-02";}', 'staff'),
(45, 'Class/list', 434, '2017-02-18 09:11:01', 'a:1:{s:1:"q";s:10:"Class/list";}', 'staff'),
(46, 'Class/add', 434, '2017-02-18 09:11:04', 'a:1:{s:1:"q";s:9:"Class/add";}', 'staff'),
(47, 'Class/add', 434, '2017-02-18 09:11:11', 'a:4:{s:1:"q";s:9:"Class/add";s:4:"form";s:8:"frmclass";s:8:"schoolid";s:1:"9";s:4:"name";s:6:"SDI-03";}', 'staff'),
(48, 'Class/list', 434, '2017-02-18 09:11:11', 'a:1:{s:1:"q";s:10:"Class/list";}', 'staff'),
(49, 'Class/add', 434, '2017-02-18 09:11:15', 'a:1:{s:1:"q";s:9:"Class/add";}', 'staff'),
(50, 'Class/add', 434, '2017-02-18 09:11:23', 'a:4:{s:1:"q";s:9:"Class/add";s:4:"form";s:8:"frmclass";s:8:"schoolid";s:1:"9";s:4:"name";s:6:"SDI-04";}', 'staff'),
(51, 'Class/list', 434, '2017-02-18 09:11:23', 'a:1:{s:1:"q";s:10:"Class/list";}', 'staff'),
(52, 'Class/add', 434, '2017-02-18 09:11:26', 'a:1:{s:1:"q";s:9:"Class/add";}', 'staff'),
(53, 'Class/add', 434, '2017-02-18 09:11:35', 'a:4:{s:1:"q";s:9:"Class/add";s:4:"form";s:8:"frmclass";s:8:"schoolid";s:1:"9";s:4:"name";s:6:"SDI-05";}', 'staff'),
(54, 'Class/list', 434, '2017-02-18 09:11:35', 'a:1:{s:1:"q";s:10:"Class/list";}', 'staff'),
(55, 'Class/add', 434, '2017-02-18 09:11:43', 'a:1:{s:1:"q";s:9:"Class/add";}', 'staff'),
(56, 'Class/add', 434, '2017-02-18 09:11:53', 'a:4:{s:1:"q";s:9:"Class/add";s:4:"form";s:8:"frmclass";s:8:"schoolid";s:1:"9";s:4:"name";s:6:"SDI-06";}', 'staff'),
(57, 'Class/list', 434, '2017-02-18 09:11:53', 'a:1:{s:1:"q";s:10:"Class/list";}', 'staff'),
(58, 'Class/add', 434, '2017-02-18 09:11:59', 'a:1:{s:1:"q";s:9:"Class/add";}', 'staff'),
(59, 'Class/add', 434, '2017-02-18 09:12:07', 'a:4:{s:1:"q";s:9:"Class/add";s:4:"form";s:8:"frmclass";s:8:"schoolid";s:1:"9";s:4:"name";s:6:"SDI-07";}', 'staff'),
(60, 'Class/list', 434, '2017-02-18 09:12:08', 'a:1:{s:1:"q";s:10:"Class/list";}', 'staff'),
(61, 'Class/add', 434, '2017-02-18 09:12:11', 'a:1:{s:1:"q";s:9:"Class/add";}', 'staff'),
(62, 'Class/add', 434, '2017-02-18 09:12:21', 'a:4:{s:1:"q";s:9:"Class/add";s:4:"form";s:8:"frmclass";s:8:"schoolid";s:1:"9";s:4:"name";s:6:"SDI-07";}', 'staff'),
(63, 'Class/list', 434, '2017-02-18 09:12:21', 'a:1:{s:1:"q";s:10:"Class/list";}', 'staff'),
(64, 'Class/edit', 434, '2017-02-18 09:12:24', 'a:2:{s:1:"q";s:10:"Class/edit";s:2:"id";s:2:"45";}', 'staff'),
(65, 'Class/edit', 434, '2017-02-18 09:12:29', 'a:5:{s:1:"q";s:10:"Class/edit";s:4:"form";s:8:"frmclass";s:8:"schoolid";s:1:"9";s:2:"id";s:2:"45";s:4:"name";s:6:"SDI-08";}', 'staff'),
(66, 'Class/list', 434, '2017-02-18 09:12:29', 'a:1:{s:1:"q";s:10:"Class/list";}', 'staff'),
(67, 'Class/list', 1, '2017-02-18 09:12:53', 'a:1:{s:1:"q";s:10:"Class/list";}', 'users'),
(68, 'Index/approve', 1, '2017-02-18 09:12:57', 'a:4:{s:1:"q";s:13:"Index/approve";s:2:"id";s:2:"14";s:3:"tab";s:5:"class";s:2:"yn";s:1:"0";}', 'users'),
(69, 'Index/approve', 1, '2017-02-18 09:12:58', 'a:4:{s:1:"q";s:13:"Index/approve";s:2:"id";s:2:"15";s:3:"tab";s:5:"class";s:2:"yn";s:1:"0";}', 'users'),
(70, 'Index/approve', 1, '2017-02-18 09:12:59', 'a:4:{s:1:"q";s:13:"Index/approve";s:2:"id";s:2:"16";s:3:"tab";s:5:"class";s:2:"yn";s:1:"0";}', 'users'),
(71, 'Index/approve', 1, '2017-02-18 09:12:59', 'a:4:{s:1:"q";s:13:"Index/approve";s:2:"id";s:2:"17";s:3:"tab";s:5:"class";s:2:"yn";s:1:"0";}', 'users'),
(72, 'Index/approve', 1, '2017-02-18 09:13:00', 'a:4:{s:1:"q";s:13:"Index/approve";s:2:"id";s:2:"18";s:3:"tab";s:5:"class";s:2:"yn";s:1:"0";}', 'users'),
(73, 'Index/approve', 1, '2017-02-18 09:13:04', 'a:4:{s:1:"q";s:13:"Index/approve";s:2:"id";s:2:"18";s:3:"tab";s:5:"class";s:2:"yn";s:1:"0";}', 'users'),
(74, 'Index/approve', 1, '2017-02-18 09:13:05', 'a:4:{s:1:"q";s:13:"Index/approve";s:2:"id";s:2:"17";s:3:"tab";s:5:"class";s:2:"yn";s:1:"0";}', 'users'),
(75, 'Index/approve', 1, '2017-02-18 09:13:05', 'a:4:{s:1:"q";s:13:"Index/approve";s:2:"id";s:2:"16";s:3:"tab";s:5:"class";s:2:"yn";s:1:"0";}', 'users'),
(76, 'Index/approve', 1, '2017-02-18 09:13:06', 'a:4:{s:1:"q";s:13:"Index/approve";s:2:"id";s:2:"15";s:3:"tab";s:5:"class";s:2:"yn";s:1:"0";}', 'users'),
(77, 'Index/approve', 1, '2017-02-18 09:13:07', 'a:4:{s:1:"q";s:13:"Index/approve";s:2:"id";s:2:"14";s:3:"tab";s:5:"class";s:2:"yn";s:1:"0";}', 'users'),
(78, 'Index/approve', 1, '2017-02-18 09:13:15', 'a:4:{s:1:"q";s:13:"Index/approve";s:2:"id";s:2:"37";s:3:"tab";s:5:"class";s:2:"yn";s:1:"1";}', 'users'),
(79, 'Index/approve', 1, '2017-02-18 09:13:16', 'a:4:{s:1:"q";s:13:"Index/approve";s:2:"id";s:2:"38";s:3:"tab";s:5:"class";s:2:"yn";s:1:"1";}', 'users'),
(80, 'Index/approve', 1, '2017-02-18 09:13:17', 'a:4:{s:1:"q";s:13:"Index/approve";s:2:"id";s:2:"39";s:3:"tab";s:5:"class";s:2:"yn";s:1:"1";}', 'users'),
(81, 'Index/approve', 1, '2017-02-18 09:13:18', 'a:4:{s:1:"q";s:13:"Index/approve";s:2:"id";s:2:"40";s:3:"tab";s:5:"class";s:2:"yn";s:1:"1";}', 'users'),
(82, 'Index/approve', 1, '2017-02-18 09:13:18', 'a:4:{s:1:"q";s:13:"Index/approve";s:2:"id";s:2:"41";s:3:"tab";s:5:"class";s:2:"yn";s:1:"1";}', 'users'),
(83, 'Index/approve', 1, '2017-02-18 09:13:19', 'a:4:{s:1:"q";s:13:"Index/approve";s:2:"id";s:2:"42";s:3:"tab";s:5:"class";s:2:"yn";s:1:"1";}', 'users'),
(84, 'Index/approve', 1, '2017-02-18 09:13:20', 'a:4:{s:1:"q";s:13:"Index/approve";s:2:"id";s:2:"43";s:3:"tab";s:5:"class";s:2:"yn";s:1:"1";}', 'users'),
(85, 'Index/approve', 1, '2017-02-18 09:13:24', 'a:4:{s:1:"q";s:13:"Index/approve";s:2:"id";s:2:"44";s:3:"tab";s:5:"class";s:2:"yn";s:1:"1";}', 'users'),
(86, 'Index/approve', 1, '2017-02-18 09:13:24', 'a:4:{s:1:"q";s:13:"Index/approve";s:2:"id";s:2:"45";s:3:"tab";s:5:"class";s:2:"yn";s:1:"1";}', 'users'),
(87, 'Dashboard/countSchool', 434, '2017-02-18 09:13:37', 'a:1:{s:1:"q";s:21:"Dashboard/countSchool";}', 'staff'),
(88, 'Dashboard/classcount', 434, '2017-02-18 09:13:37', 'a:1:{s:1:"q";s:20:"Dashboard/classcount";}', 'staff'),
(89, 'Dashboard/countSchool', 434, '2017-02-18 09:13:37', 'a:1:{s:1:"q";s:21:"Dashboard/countSchool";}', 'staff'),
(90, 'Dashboard/countTeacher', 434, '2017-02-18 09:13:37', 'a:1:{s:1:"q";s:22:"Dashboard/countTeacher";}', 'staff'),
(91, 'Dashboard/countStudent', 434, '2017-02-18 09:13:38', 'a:1:{s:1:"q";s:22:"Dashboard/countStudent";}', 'staff'),
(92, 'Dashboard/countParent', 434, '2017-02-18 09:13:38', 'a:1:{s:1:"q";s:21:"Dashboard/countParent";}', 'staff'),
(93, 'Dashboard/latestStudent', 434, '2017-02-18 09:13:38', 'a:1:{s:1:"q";s:23:"Dashboard/latestStudent";}', 'staff'),
(94, 'Dashboard/latestParent', 434, '2017-02-18 09:13:38', 'a:1:{s:1:"q";s:22:"Dashboard/latestParent";}', 'staff'),
(95, 'Dashboard/lastMonth', 434, '2017-02-18 09:13:38', 'a:1:{s:1:"q";s:19:"Dashboard/lastMonth";}', 'staff'),
(96, 'Class/list', 434, '2017-02-18 09:13:49', 'a:1:{s:1:"q";s:10:"Class/list";}', 'staff'),
(97, 'Feetype/listfee', 434, '2017-02-18 09:14:01', 'a:1:{s:1:"q";s:15:"Feetype/listfee";}', 'staff'),
(98, 'Feetype/addfee', 434, '2017-02-18 09:14:59', 'a:2:{s:1:"q";s:14:"Feetype/addfee";s:2:"id";s:0:"";}', 'staff'),
(99, 'Termsession/list', 434, '2017-02-18 09:15:40', 'a:1:{s:1:"q";s:16:"Termsession/list";}', 'staff'),
(100, 'Termsession/add', 434, '2017-02-18 09:15:43', 'a:1:{s:1:"q";s:15:"Termsession/add";}', 'staff'),
(101, 'Termsession/add', 434, '2017-02-18 09:15:58', 'a:4:{s:1:"q";s:15:"Termsession/add";s:4:"form";s:7:"frmterm";s:8:"schoolid";s:1:"9";s:4:"name";s:7:"2017-18";}', 'staff'),
(102, 'Termsession/list', 434, '2017-02-18 09:15:58', 'a:1:{s:1:"q";s:16:"Termsession/list";}', 'staff'),
(103, 'Termsession/listsession', 434, '2017-02-18 09:16:04', 'a:1:{s:1:"q";s:23:"Termsession/listsession";}', 'staff'),
(104, 'Termsession/addsession', 434, '2017-02-18 09:16:10', 'a:1:{s:1:"q";s:22:"Termsession/addsession";}', 'staff'),
(105, 'Termsession/addsession', 434, '2017-02-18 09:16:27', 'a:4:{s:1:"q";s:22:"Termsession/addsession";s:4:"form";s:14:"frmtermsession";s:8:"schoolid";s:1:"9";s:4:"name";s:7:"2017-18";}', 'staff'),
(106, 'Termsession/listsession', 434, '2017-02-18 09:16:27', 'a:1:{s:1:"q";s:23:"Termsession/listsession";}', 'staff'),
(107, 'Termsession/list', 434, '2017-02-18 09:16:29', 'a:1:{s:1:"q";s:16:"Termsession/list";}', 'staff'),
(108, 'Termsession/edit', 434, '2017-02-18 09:16:31', 'a:2:{s:1:"q";s:16:"Termsession/edit";s:2:"id";s:2:"25";}', 'staff'),
(109, 'Termsession/edit', 434, '2017-02-18 09:16:46', 'a:5:{s:1:"q";s:16:"Termsession/edit";s:4:"form";s:7:"frmterm";s:2:"id";s:2:"25";s:8:"schoolid";s:1:"9";s:4:"name";s:10:"First Term";}', 'staff'),
(110, 'Termsession/list', 434, '2017-02-18 09:16:46', 'a:1:{s:1:"q";s:16:"Termsession/list";}', 'staff'),
(111, 'Termsession/add', 434, '2017-02-18 09:16:49', 'a:1:{s:1:"q";s:15:"Termsession/add";}', 'staff'),
(112, 'Termsession/add', 434, '2017-02-18 09:16:58', 'a:4:{s:1:"q";s:15:"Termsession/add";s:4:"form";s:7:"frmterm";s:8:"schoolid";s:1:"9";s:4:"name";s:11:"Second Term";}', 'staff'),
(113, 'Termsession/list', 434, '2017-02-18 09:16:59', 'a:1:{s:1:"q";s:16:"Termsession/list";}', 'staff'),
(114, 'Termsession/add', 434, '2017-02-18 09:17:04', 'a:1:{s:1:"q";s:15:"Termsession/add";}', 'staff'),
(115, 'Termsession/add', 434, '2017-02-18 09:17:12', 'a:4:{s:1:"q";s:15:"Termsession/add";s:4:"form";s:7:"frmterm";s:8:"schoolid";s:1:"9";s:4:"name";s:10:"Third Term";}', 'staff'),
(116, 'Termsession/list', 434, '2017-02-18 09:17:12', 'a:1:{s:1:"q";s:16:"Termsession/list";}', 'staff'),
(117, 'Termsession/add', 434, '2017-02-18 09:17:18', 'a:1:{s:1:"q";s:15:"Termsession/add";}', 'staff'),
(118, 'Termsession/add', 434, '2017-02-18 09:17:37', 'a:4:{s:1:"q";s:15:"Termsession/add";s:4:"form";s:7:"frmterm";s:8:"schoolid";s:1:"9";s:4:"name";s:11:"Fourth Term";}', 'staff'),
(119, 'Termsession/list', 434, '2017-02-18 09:17:37', 'a:1:{s:1:"q";s:16:"Termsession/list";}', 'staff'),
(120, 'Termsession/listsessionterm', 434, '2017-02-18 09:17:39', 'a:1:{s:1:"q";s:27:"Termsession/listsessionterm";}', 'staff'),
(121, 'Termsession/addsessionterm', 434, '2017-02-18 09:17:42', 'a:1:{s:1:"q";s:26:"Termsession/addsessionterm";}', 'staff'),
(122, 'Termsession/list', 1, '2017-02-18 09:18:14', 'a:1:{s:1:"q";s:16:"Termsession/list";}', 'users'),
(123, 'Index/approve', 1, '2017-02-18 09:18:21', 'a:4:{s:1:"q";s:13:"Index/approve";s:2:"id";s:2:"25";s:3:"tab";s:10:"schoolterm";s:2:"yn";s:1:"1";}', 'users'),
(124, 'Index/approve', 1, '2017-02-18 09:18:22', 'a:4:{s:1:"q";s:13:"Index/approve";s:2:"id";s:2:"26";s:3:"tab";s:10:"schoolterm";s:2:"yn";s:1:"1";}', 'users'),
(125, 'Index/approve', 1, '2017-02-18 09:18:25', 'a:4:{s:1:"q";s:13:"Index/approve";s:2:"id";s:2:"27";s:3:"tab";s:10:"schoolterm";s:2:"yn";s:1:"1";}', 'users'),
(126, 'Index/approve', 1, '2017-02-18 09:18:26', 'a:4:{s:1:"q";s:13:"Index/approve";s:2:"id";s:2:"28";s:3:"tab";s:10:"schoolterm";s:2:"yn";s:1:"1";}', 'users'),
(127, 'Termsession/listsession', 1, '2017-02-18 09:18:32', 'a:1:{s:1:"q";s:23:"Termsession/listsession";}', 'users'),
(128, 'Index/approve', 1, '2017-02-18 09:18:45', 'a:4:{s:1:"q";s:13:"Index/approve";s:2:"id";s:2:"31";s:3:"tab";s:13:"schoolsession";s:2:"yn";s:1:"1";}', 'users'),
(129, 'Termsession/listsessionterm', 1, '2017-02-18 09:18:48', 'a:1:{s:1:"q";s:27:"Termsession/listsessionterm";}', 'users'),
(130, 'Dashboard/countSchool', 434, '2017-02-18 09:19:04', 'a:1:{s:1:"q";s:21:"Dashboard/countSchool";}', 'staff'),
(131, 'Dashboard/classcount', 434, '2017-02-18 09:19:05', 'a:1:{s:1:"q";s:20:"Dashboard/classcount";}', 'staff'),
(132, 'Dashboard/countSchool', 434, '2017-02-18 09:19:05', 'a:1:{s:1:"q";s:21:"Dashboard/countSchool";}', 'staff'),
(133, 'Dashboard/countTeacher', 434, '2017-02-18 09:19:05', 'a:1:{s:1:"q";s:22:"Dashboard/countTeacher";}', 'staff'),
(134, 'Dashboard/countStudent', 434, '2017-02-18 09:19:05', 'a:1:{s:1:"q";s:22:"Dashboard/countStudent";}', 'staff'),
(135, 'Dashboard/countParent', 434, '2017-02-18 09:19:05', 'a:1:{s:1:"q";s:21:"Dashboard/countParent";}', 'staff'),
(136, 'Dashboard/latestStudent', 434, '2017-02-18 09:19:05', 'a:1:{s:1:"q";s:23:"Dashboard/latestStudent";}', 'staff'),
(137, 'Dashboard/latestParent', 434, '2017-02-18 09:19:05', 'a:1:{s:1:"q";s:22:"Dashboard/latestParent";}', 'staff'),
(138, 'Dashboard/lastMonth', 434, '2017-02-18 09:19:06', 'a:1:{s:1:"q";s:19:"Dashboard/lastMonth";}', 'staff'),
(139, 'Termsession/list', 434, '2017-02-18 09:19:10', 'a:1:{s:1:"q";s:16:"Termsession/list";}', 'staff'),
(140, 'Termsession/listsession', 434, '2017-02-18 09:19:12', 'a:1:{s:1:"q";s:23:"Termsession/listsession";}', 'staff'),
(141, 'Termsession/listsessionterm', 434, '2017-02-18 09:19:14', 'a:1:{s:1:"q";s:27:"Termsession/listsessionterm";}', 'staff'),
(142, 'Termsession/addsessionterm', 434, '2017-02-18 09:19:19', 'a:1:{s:1:"q";s:26:"Termsession/addsessionterm";}', 'staff'),
(143, 'Termsession/addsessionterm', 434, '2017-02-18 09:20:16', 'a:10:{s:1:"q";s:26:"Termsession/addsessionterm";s:4:"form";s:14:"frmsessionterm";s:8:"schoolid";s:1:"9";s:9:"sessionid";s:2:"31";s:6:"termid";s:2:"25";s:9:"startdate";s:10:"2017-04-01";s:7:"enddate";s:10:"2017-05-20";s:12:"noofopendays";s:2:"35";s:8:"nextterm";s:10:"2017-07-01";s:8:"noofweek";s:1:"6";}', 'staff'),
(144, 'Termsession/listsessionterm', 434, '2017-02-18 09:20:16', 'a:1:{s:1:"q";s:27:"Termsession/listsessionterm";}', 'staff'),
(145, 'Termsession/listscurrentterm', 434, '2017-02-18 09:20:24', 'a:1:{s:1:"q";s:28:"Termsession/listscurrentterm";}', 'staff'),
(146, 'Termsession/addcurrentterm', 434, '2017-02-18 09:20:28', 'a:1:{s:1:"q";s:26:"Termsession/addcurrentterm";}', 'staff'),
(147, 'Termsession/addcurrentterm', 434, '2017-02-18 09:20:35', 'a:5:{s:1:"q";s:26:"Termsession/addcurrentterm";s:4:"form";s:14:"frmcurrentterm";s:8:"schoolid";s:1:"9";s:9:"sessionid";s:2:"31";s:6:"termid";s:2:"25";}', 'staff'),
(148, 'Termsession/listscurrentterm', 434, '2017-02-18 09:20:35', 'a:1:{s:1:"q";s:28:"Termsession/listscurrentterm";}', 'staff'),
(149, 'Subject/list', 434, '2017-02-18 09:20:44', 'a:1:{s:1:"q";s:12:"Subject/list";}', 'staff'),
(150, 'Subject/add', 434, '2017-02-18 09:20:49', 'a:1:{s:1:"q";s:11:"Subject/add";}', 'staff'),
(151, 'Subject/listsubject', 434, '2017-02-18 09:20:59', 'a:1:{s:1:"q";s:19:"Subject/listsubject";}', 'staff'),
(152, 'Subject/addsubject', 434, '2017-02-18 09:21:01', 'a:1:{s:1:"q";s:18:"Subject/addsubject";}', 'staff'),
(153, 'Student/listsubjectattendance', 434, '2017-02-18 09:21:10', 'a:1:{s:1:"q";s:29:"Student/listsubjectattendance";}', 'staff'),
(154, 'Student/class', 434, '2017-02-18 09:21:13', 'a:2:{s:1:"q";s:13:"Student/class";s:3:"sid";s:1:"9";}', 'staff'),
(155, 'Student/studentbyclassschool', 434, '2017-02-18 09:21:15', 'a:3:{s:1:"q";s:28:"Student/studentbyclassschool";s:3:"cid";s:2:"37";s:3:"sid";s:1:"9";}', 'staff'),
(156, 'Student/getsubjectatta', 434, '2017-02-18 09:21:27', 'a:7:{s:1:"q";s:22:"Student/getsubjectatta";s:8:"schoolid";s:1:"9";s:5:"class";s:2:"37";s:6:"termid";s:2:"25";s:9:"sessionid";s:2:"31";s:9:"subjectid";s:0:"";s:14:"attendancedate";s:10:"2017-02-01";}', 'staff'),
(157, 'Dashboard/countSchool', 434, '2017-02-18 09:39:34', 'a:1:{s:1:"q";s:21:"Dashboard/countSchool";}', 'staff'),
(158, 'Dashboard/classcount', 434, '2017-02-18 09:39:35', 'a:1:{s:1:"q";s:20:"Dashboard/classcount";}', 'staff'),
(159, 'Dashboard/countSchool', 434, '2017-02-18 09:39:35', 'a:1:{s:1:"q";s:21:"Dashboard/countSchool";}', 'staff'),
(160, 'Dashboard/countTeacher', 434, '2017-02-18 09:39:35', 'a:1:{s:1:"q";s:22:"Dashboard/countTeacher";}', 'staff'),
(161, 'Dashboard/countStudent', 434, '2017-02-18 09:39:35', 'a:1:{s:1:"q";s:22:"Dashboard/countStudent";}', 'staff'),
(162, 'Dashboard/countParent', 434, '2017-02-18 09:39:36', 'a:1:{s:1:"q";s:21:"Dashboard/countParent";}', 'staff'),
(163, 'Dashboard/latestStudent', 434, '2017-02-18 09:39:36', 'a:1:{s:1:"q";s:23:"Dashboard/latestStudent";}', 'staff'),
(164, 'Dashboard/latestParent', 434, '2017-02-18 09:39:36', 'a:1:{s:1:"q";s:22:"Dashboard/latestParent";}', 'staff'),
(165, 'Dashboard/lastMonth', 434, '2017-02-18 09:39:36', 'a:1:{s:1:"q";s:19:"Dashboard/lastMonth";}', 'staff'),
(166, 'Account/listaccfeetemplate', 434, '2017-02-18 09:47:48', 'a:1:{s:1:"q";s:26:"Account/listaccfeetemplate";}', 'staff'),
(167, 'Account/listaccfeetemplate', 434, '2017-02-18 09:48:01', 'a:1:{s:1:"q";s:26:"Account/listaccfeetemplate";}', 'staff'),
(168, 'Account/listaccparentsfeeslips', 434, '2017-02-18 09:48:19', 'a:1:{s:1:"q";s:30:"Account/listaccparentsfeeslips";}', 'staff'),
(169, 'Account/listaccparentsfeeslips', 434, '2017-02-18 09:48:27', 'a:7:{s:1:"q";s:30:"Account/listaccparentsfeeslips";s:8:"saletype";s:1:"0";s:6:"paynow";s:1:"1";s:7:"adddisc";s:1:"1";s:10:"schoolterm";s:2:"25";s:13:"schoolsession";s:2:"31";s:7:"student";s:3:"160";}', 'staff'),
(170, 'Account/listaccgeneratefee', 434, '2017-02-18 09:48:50', 'a:1:{s:1:"q";s:26:"Account/listaccgeneratefee";}', 'staff'),
(171, 'Student/viewstudentdata', 434, '2017-02-18 09:49:03', 'a:1:{s:1:"q";s:23:"Student/viewstudentdata";}', 'staff'),
(172, 'Student/viewpublic', 434, '2017-02-18 09:49:12', 'a:2:{s:1:"q";s:18:"Student/viewpublic";s:2:"id";s:2:"61";}', 'staff'),
(173, 'Student/class', 434, '2017-02-18 09:49:16', 'a:2:{s:1:"q";s:13:"Student/class";s:3:"sid";s:0:"";}', 'staff'),
(174, 'Student/studenttype', 434, '2017-02-18 09:49:16', 'a:2:{s:1:"q";s:19:"Student/studenttype";s:3:"sid";s:0:"";}', 'staff'),
(175, 'Student/state', 434, '2017-02-18 09:49:16', 'a:2:{s:1:"q";s:13:"Student/state";s:2:"id";s:3:"160";}', 'staff'),
(176, 'Student/studenthouse', 434, '2017-02-18 09:49:17', 'a:2:{s:1:"q";s:20:"Student/studenthouse";s:3:"sid";s:0:"";}', 'staff'),
(177, 'Student/lga', 434, '2017-02-18 09:49:17', 'a:2:{s:1:"q";s:11:"Student/lga";s:2:"id";s:5:"LAGOS";}', 'staff'),
(178, 'Student/viewstudentdata', 434, '2017-02-18 09:49:32', 'a:1:{s:1:"q";s:23:"Student/viewstudentdata";}', 'staff'),
(179, 'Diary/viewstudentdailyreport', 434, '2017-02-18 09:49:49', 'a:1:{s:1:"q";s:28:"Diary/viewstudentdailyreport";}', 'staff'),
(180, 'Diary/viewstudentlessonreport', 434, '2017-02-18 09:49:54', 'a:1:{s:1:"q";s:29:"Diary/viewstudentlessonreport";}', 'staff'),
(181, 'Diary/viewstudentassignmentreport', 434, '2017-02-18 09:49:57', 'a:1:{s:1:"q";s:33:"Diary/viewstudentassignmentreport";}', 'staff'),
(182, 'Student/viewstudentattendance', 434, '2017-02-18 09:50:02', 'a:1:{s:1:"q";s:29:"Student/viewstudentattendance";}', 'staff'),
(183, 'Student/class', 434, '2017-02-18 09:50:04', 'a:2:{s:1:"q";s:13:"Student/class";s:3:"sid";s:1:"9";}', 'staff'),
(184, 'Student/studattendance', 434, '2017-02-18 09:50:06', 'a:3:{s:1:"q";s:22:"Student/studattendance";s:3:"cid";s:2:"37";s:3:"sid";s:1:"9";}', 'staff'),
(185, 'Student/getatta', 434, '2017-02-18 09:50:11', 'a:4:{s:1:"q";s:15:"Student/getatta";s:8:"schoolid";s:1:"9";s:5:"class";s:2:"37";s:14:"attendancedate";s:10:"2017-02-01";}', 'staff'),
(186, 'Student/viewstudentattendance', 434, '2017-02-18 10:03:08', 'a:1:{s:1:"q";s:29:"Student/viewstudentattendance";}', 'staff'),
(187, 'Staff/viewstudenthousenote', 434, '2017-02-18 10:03:15', 'a:1:{s:1:"q";s:26:"Staff/viewstudenthousenote";}', 'staff'),
(188, 'Student/viewstudentresults', 434, '2017-02-18 10:03:23', 'a:1:{s:1:"q";s:26:"Student/viewstudentresults";}', 'staff'),
(189, 'Dashboard/countSchool', 434, '2017-02-18 10:03:30', 'a:1:{s:1:"q";s:21:"Dashboard/countSchool";}', 'staff'),
(190, 'Dashboard/classcount', 434, '2017-02-18 10:03:31', 'a:1:{s:1:"q";s:20:"Dashboard/classcount";}', 'staff'),
(191, 'Dashboard/countSchool', 434, '2017-02-18 10:03:31', 'a:1:{s:1:"q";s:21:"Dashboard/countSchool";}', 'staff'),
(192, 'Dashboard/countTeacher', 434, '2017-02-18 10:03:31', 'a:1:{s:1:"q";s:22:"Dashboard/countTeacher";}', 'staff'),
(193, 'Dashboard/countStudent', 434, '2017-02-18 10:03:32', 'a:1:{s:1:"q";s:22:"Dashboard/countStudent";}', 'staff'),
(194, 'Dashboard/countParent', 434, '2017-02-18 10:03:32', 'a:1:{s:1:"q";s:21:"Dashboard/countParent";}', 'staff'),
(195, 'Dashboard/latestStudent', 434, '2017-02-18 10:03:33', 'a:1:{s:1:"q";s:23:"Dashboard/latestStudent";}', 'staff'),
(196, 'Dashboard/latestParent', 434, '2017-02-18 10:03:33', 'a:1:{s:1:"q";s:22:"Dashboard/latestParent";}', 'staff'),
(197, 'Dashboard/lastMonth', 434, '2017-02-18 10:03:34', 'a:1:{s:1:"q";s:19:"Dashboard/lastMonth";}', 'staff'),
(198, 'Dashboard/countSchool', 434, '2017-02-18 10:12:57', 'a:1:{s:1:"q";s:21:"Dashboard/countSchool";}', 'staff'),
(199, 'Dashboard/classcount', 434, '2017-02-18 10:12:57', 'a:1:{s:1:"q";s:20:"Dashboard/classcount";}', 'staff'),
(200, 'Dashboard/countSchool', 434, '2017-02-18 10:12:58', 'a:1:{s:1:"q";s:21:"Dashboard/countSchool";}', 'staff'),
(201, 'Dashboard/countTeacher', 434, '2017-02-18 10:12:58', 'a:1:{s:1:"q";s:22:"Dashboard/countTeacher";}', 'staff'),
(202, 'Dashboard/countStudent', 434, '2017-02-18 10:12:58', 'a:1:{s:1:"q";s:22:"Dashboard/countStudent";}', 'staff'),
(203, 'Dashboard/countParent', 434, '2017-02-18 10:12:59', 'a:1:{s:1:"q";s:21:"Dashboard/countParent";}', 'staff'),
(204, 'Dashboard/latestStudent', 434, '2017-02-18 10:12:59', 'a:1:{s:1:"q";s:23:"Dashboard/latestStudent";}', 'staff'),
(205, 'Dashboard/latestParent', 434, '2017-02-18 10:13:00', 'a:1:{s:1:"q";s:22:"Dashboard/latestParent";}', 'staff'),
(206, 'Dashboard/lastMonth', 434, '2017-02-18 10:13:01', 'a:1:{s:1:"q";s:19:"Dashboard/lastMonth";}', 'staff'),
(207, 'Dashboard/countSchool', 434, '2017-02-18 10:29:07', 'a:1:{s:1:"q";s:21:"Dashboard/countSchool";}', 'staff'),
(208, 'Dashboard/countTeacher', 434, '2017-02-18 10:29:08', 'a:1:{s:1:"q";s:22:"Dashboard/countTeacher";}', 'staff'),
(209, 'Dashboard/classcount', 434, '2017-02-18 10:29:08', 'a:1:{s:1:"q";s:20:"Dashboard/classcount";}', 'staff'),
(210, 'Dashboard/countStudent', 434, '2017-02-18 10:29:08', 'a:1:{s:1:"q";s:22:"Dashboard/countStudent";}', 'staff'),
(211, 'Dashboard/countSchool', 434, '2017-02-18 10:29:08', 'a:1:{s:1:"q";s:21:"Dashboard/countSchool";}', 'staff'),
(212, 'Dashboard/countParent', 434, '2017-02-18 10:29:08', 'a:1:{s:1:"q";s:21:"Dashboard/countParent";}', 'staff'),
(213, 'Dashboard/latestStudent', 434, '2017-02-18 10:29:09', 'a:1:{s:1:"q";s:23:"Dashboard/latestStudent";}', 'staff'),
(214, 'Dashboard/latestParent', 434, '2017-02-18 10:29:09', 'a:1:{s:1:"q";s:22:"Dashboard/latestParent";}', 'staff'),
(215, 'Dashboard/lastMonth', 434, '2017-02-18 10:29:09', 'a:1:{s:1:"q";s:19:"Dashboard/lastMonth";}', 'staff'),
(216, 'Login/logout', 434, '2017-02-18 11:02:19', 'a:1:{s:1:"q";s:12:"Login/logout";}', 'staff'),
(217, 'Dashboard/countSchool', 1, '2017-02-18 13:11:55', 'a:1:{s:1:"q";s:21:"Dashboard/countSchool";}', 'users'),
(218, 'Dashboard/countTeacher', 1, '2017-02-18 13:11:56', 'a:1:{s:1:"q";s:22:"Dashboard/countTeacher";}', 'users'),
(219, 'Dashboard/countStudent', 1, '2017-02-18 13:11:56', 'a:1:{s:1:"q";s:22:"Dashboard/countStudent";}', 'users'),
(220, 'Dashboard/countSchool', 1, '2017-02-18 13:11:56', 'a:1:{s:1:"q";s:21:"Dashboard/countSchool";}', 'users'),
(221, 'Dashboard/classcount', 1, '2017-02-18 13:11:56', 'a:1:{s:1:"q";s:20:"Dashboard/classcount";}', 'users'),
(222, 'Dashboard/latestStudent', 1, '2017-02-18 13:11:57', 'a:1:{s:1:"q";s:23:"Dashboard/latestStudent";}', 'users'),
(223, 'Dashboard/countParent', 1, '2017-02-18 13:11:57', 'a:1:{s:1:"q";s:21:"Dashboard/countParent";}', 'users'),
(224, 'Dashboard/latestParent', 1, '2017-02-18 13:11:57', 'a:1:{s:1:"q";s:22:"Dashboard/latestParent";}', 'users'),
(225, 'Dashboard/lastMonth', 1, '2017-02-18 13:11:58', 'a:1:{s:1:"q";s:19:"Dashboard/lastMonth";}', 'users'),
(226, 'Login/index', 1, '2017-03-12 08:25:26', 'a:3:{s:1:"q";s:11:"Login/index";s:5:"email";s:15:"admin@gmail.com";s:4:"pass";s:7:"1234567";}', 'users'),
(227, 'Login/index', 1, '2017-03-12 08:25:56', 'a:3:{s:1:"q";s:11:"Login/index";s:5:"email";s:15:"admin@gmail.com";s:4:"pass";s:8:"Password";}', 'users'),
(228, 'Login/index', 1, '2017-03-12 08:26:04', 'a:3:{s:1:"q";s:11:"Login/index";s:5:"email";s:15:"admin@gmail.com";s:4:"pass";s:7:"1234567";}', 'users'),
(229, 'Login/index', 1, '2017-03-12 08:28:12', 'a:3:{s:1:"q";s:11:"Login/index";s:5:"email";s:8:"abhishek";s:4:"pass";s:7:"1234567";}', 'users'),
(230, 'Login/index', 1, '2017-03-12 08:31:29', 'a:3:{s:1:"q";s:11:"Login/index";s:5:"email";s:8:"Username";s:4:"pass";s:8:"Password";}', 'users'),
(231, 'Login/index', NULL, '2017-03-12 08:42:04', 'a:3:{s:1:"q";s:11:"Login/index";s:5:"email";s:15:"admin@gmail.com";s:4:"pass";s:7:"1234567";}', 'users'),
(232, 'Login/index', NULL, '2017-03-12 08:42:20', 'a:3:{s:1:"q";s:11:"Login/index";s:5:"email";s:15:"admin@gmail.com";s:4:"pass";s:7:"1234567";}', 'users');

-- --------------------------------------------------------

--
-- Table structure for table `controller`
--

CREATE TABLE IF NOT EXISTS `controller` (
  `id` int(11) NOT NULL AUTO_INCREMENT,
  `controller` varchar(45) NOT NULL,
  PRIMARY KEY (`id`),
  UNIQUE KEY `controller_UNIQUE` (`controller`)
) ENGINE=InnoDB  DEFAULT CHARSET=latin1 AUTO_INCREMENT=18 ;

--
-- Dumping data for table `controller`
--

INSERT INTO `controller` (`id`, `controller`) VALUES
(1, 'AclController'),
(2, 'AssessmentController'),
(3, 'ClassController'),
(4, 'DashboardController'),
(5, 'DiaryController'),
(17, 'ExpenseController'),
(6, 'FeetypeController'),
(7, 'GuardianController'),
(8, 'IndexController'),
(9, 'LoginController'),
(10, 'PhychomotorController'),
(11, 'StaffController'),
(16, 'StudentController'),
(12, 'SubjectController'),
(13, 'TermsessionController');

-- --------------------------------------------------------

--
-- Table structure for table `entrance_application`
--

CREATE TABLE IF NOT EXISTS `entrance_application` (
  `id` int(11) NOT NULL AUTO_INCREMENT,
  `firstname` varchar(200) NOT NULL,
  `middlename` varchar(200) NOT NULL,
  `lastname` varchar(200) NOT NULL,
  `dob` date NOT NULL,
  `gender` varchar(11) NOT NULL,
  `applied_school` varchar(11) NOT NULL,
  `pre_school` varchar(100) NOT NULL,
  `pre_class` varchar(100) NOT NULL,
  `pre_session` varchar(100) NOT NULL,
  `lga` varchar(100) NOT NULL,
  `religion` varchar(100) NOT NULL,
  `email` varchar(200) NOT NULL,
  `phone` varchar(200) NOT NULL,
  `address` varchar(200) NOT NULL,
  `city` varchar(200) NOT NULL,
  `state` varchar(200) NOT NULL,
  `country` varchar(200) NOT NULL,
  `applied_class` varchar(200) NOT NULL,
  `applied_session` int(11) NOT NULL,
  `locallanguage` varchar(200) NOT NULL,
  `age` varchar(200) NOT NULL,
  `placeofbirth` varchar(200) NOT NULL,
  `permanentaddress` varchar(250) NOT NULL,
  `doc1` varchar(200) NOT NULL,
  `doc2` varchar(200) NOT NULL,
  `doc3` varchar(200) NOT NULL,
  `nationality` int(1) NOT NULL,
  `health_allergy` text NOT NULL,
  `health_others` text NOT NULL,
  `health_remarks` text NOT NULL,
  `guardian_name` varchar(200) NOT NULL,
  `guardian_address` varchar(200) NOT NULL,
  `guardian_occupation` varchar(250) NOT NULL,
  `guardian_email` varchar(200) NOT NULL,
  `guardian_phone` varchar(200) NOT NULL,
  `guardian_relation` varchar(100) NOT NULL,
  `lguardian_name` varchar(200) NOT NULL,
  `lguardian_address` varchar(200) NOT NULL,
  `lguardian_occupation` varchar(200) NOT NULL,
  `lguardian_email` varchar(200) NOT NULL,
  `lguardian_phone` varchar(200) NOT NULL,
  `lguardian_relation` varchar(200) NOT NULL,
  `guaranter_name` varchar(250) NOT NULL DEFAULT '0',
  `guaranter_relation` varchar(250) NOT NULL,
  `guaranter_address` varchar(250) NOT NULL,
  `guaranter_email` varchar(250) NOT NULL,
  `guaranter_phone` varchar(200) NOT NULL,
  `appstatus` enum('Payment Pending','Submitted','Under Scanning','Assigned for Assessment','Assign for Result','Approved','Rejected','Cancel') NOT NULL DEFAULT 'Payment Pending',
  `status` int(11) NOT NULL DEFAULT '1',
  `deleted` int(1) NOT NULL DEFAULT '0',
  `createddate` datetime NOT NULL,
  `createdby` int(11) NOT NULL,
  `modifieddate` datetime NOT NULL,
  `modifiedby` int(11) NOT NULL,
  `approved` int(1) NOT NULL,
  `approvedby` int(11) NOT NULL,
  PRIMARY KEY (`id`)
) ENGINE=MyISAM  DEFAULT CHARSET=latin1 AUTO_INCREMENT=26 ;

--
-- Dumping data for table `entrance_application`
--

INSERT INTO `entrance_application` (`id`, `firstname`, `middlename`, `lastname`, `dob`, `gender`, `applied_school`, `pre_school`, `pre_class`, `pre_session`, `lga`, `religion`, `email`, `phone`, `address`, `city`, `state`, `country`, `applied_class`, `applied_session`, `locallanguage`, `age`, `placeofbirth`, `permanentaddress`, `doc1`, `doc2`, `doc3`, `nationality`, `health_allergy`, `health_others`, `health_remarks`, `guardian_name`, `guardian_address`, `guardian_occupation`, `guardian_email`, `guardian_phone`, `guardian_relation`, `lguardian_name`, `lguardian_address`, `lguardian_occupation`, `lguardian_email`, `lguardian_phone`, `lguardian_relation`, `guaranter_name`, `guaranter_relation`, `guaranter_address`, `guaranter_email`, `guaranter_phone`, `appstatus`, `status`, `deleted`, `createddate`, `createdby`, `modifieddate`, `modifiedby`, `approved`, `approvedby`) VALUES
(16, 'newtrainee', 'newtrainee', 'newtrainee', '2016-03-01', 'Male', '5', '', '', '', '', '', '', '', 'aSas', '', 'FCT', '160', '14', 19, '', '', 'India', 'AS', '', '', '', 0, '', '', '', 'testparents', '', 'testparents', 'testparents@testparents.com', '123456', 'BROTHER', '', '', '', '', '', '', '', '', '', '', '', '', 1, 0, '2016-03-13 16:13:02', 13, '0000-00-00 00:00:00', 0, 0, 0),
(17, 'firstapp', 'firstapp', 'firstapp', '2016-03-01', 'Male', '8', '', '', '', 'ABA NORTH', '', 'testuser@testuser.com', '2134234', 'address', 'city', 'ABIA', '160', '12', 29, 'language', '12', 'delhi', 'asdasd', '', '', '', 0, '', '', '', 'test', 'est', 'test', 'test', '4356788', 'AUNT', '', '', '', '', '', 'AUNT', '', '', '', '', '', 'Payment Pending', 1, 0, '0000-00-00 00:00:00', 0, '2016-03-26 15:07:44', 147, 1, 147),
(18, 'testAPP', 'sdsd', 'dsd', '0000-00-00', 'Male', '5', '', '', '', '', '', 'testuser@testuser.com', '223', 'ass', '', '', '', '14', 19, '', '', '', '', '', '', '', 0, '', '', '', '', '', '', '', '', '', '', '', '', '', '', '', '', '', '', '', '', 'Submitted', 1, 0, '0000-00-00 00:00:00', 0, '0000-00-00 00:00:00', 0, 0, 0),
(19, 'dfs', '', '', '0000-00-00', 'Male', '', '', '', '', '', '', '', '', '', '', '', '', '', 0, '', '', '', '', '', '', '', 0, '', '', '', '', '', '', '', '', '', '', '', '', '', '', '', '', '', '', '', '', 'Payment Pending', 1, 0, '0000-00-00 00:00:00', 0, '0000-00-00 00:00:00', 0, 0, 0),
(20, 'test', 'test', 'test', '2016-03-22', 'Male', '8', '', '', '', '', '', 'testing@testing.com', '24354', '2323', '23', '1', '3', '12', 29, '45678', '12', 'delhi', 'qwwetyu', '', '', '', 3, 'weretyhg', 'qerwtghg', 'wertyt', '', '', '', '', '', '', 'werty', 'qwerty', 'qwert', 'wert@as.cd', 'qwert', 'sdgfh', 'sdfgh', 'sdfgh', 'asdfgh', 's@as.cd', '456789', 'Submitted', 1, 0, '0000-00-00 00:00:00', 0, '2016-03-26 15:07:51', 147, 1, 147),
(21, 'test', 'test', 'test', '2016-03-22', 'Male', '8', '', '', '', '', '', 'testing@testing.com', '24354', '2323', '23', '1', '3', '12', 29, '45678', '12', 'delhi', 'qwwetyu', '', '', '', 3, 'weretyhg', 'qerwtghg', 'wertyt', '', '', '', '', '', '', 'werty', 'qwerty', 'qwert', 'wert@as.cd', 'qwert', 'sdgfh', 'sdfgh', 'sdfgh', 'asdfgh', 's@as.cd', '456789', 'Submitted', 1, 0, '0000-00-00 00:00:00', 0, '2016-03-26 15:07:52', 147, 1, 147),
(22, 'mak', 'mak', 'mak', '2016-03-22', 'Male', '8', '', '', '', '', '', 'DDDDD@GM.COM', '999090909999', 'Mk', 'abuja', '30', '', '12', 29, 'jjjjjj', '76', 'uuuuuu', 'uuuuuuuuuuu', '', '', '', 3, 'hhhhhh', 'hhhhhhhh', 'yyyy', 'rttyyyyy', 'jjjjjjj', 'eeeeeee', 'eeeeeeeee', 'eeeeeee', 'AUNT', 'yyyyyyyy', 'rrrrrrrqr', 'rrrrrrrrq', 'ttttttttt@jjj.com', '009099999999', 'AUNT', 'hhhhhhh', 'AUNT', 'jjjjhjh', 'dddddd@jjj.com', '00000009099', 'Payment Pending', 1, 0, '0000-00-00 00:00:00', 0, '2016-04-01 14:08:44', 1, 0, 0),
(23, 'Test App', 'Test App', 'Test App', '2016-04-26', 'Male', '8', '', '', '', '', '', 'tests@as1.com', '23456', 'Test App', 'Test App', '2', '3', '12', 29, 'language', '12', 'delhi', 'Test App', '', '', '', 3, 'Test App', 'Test App', 'Test App', 'Test App', 'Test App', 'Test App', 'Test App', 'Test App', 'AUNT', 'Test App', 'Test App', 'Test App', 'Test App', 'Test App', 'AUNT', 'Test App', 'AUNT', 'Test App', 'Test App', 'Test App', 'Payment Pending', 1, 0, '0000-00-00 00:00:00', 0, '0000-00-00 00:00:00', 0, 0, 0),
(24, 'Ifeanyi', 'Tony', 'Ndibe', '2016-04-01', 'Male', '8', '', '', '', '', '', 'mako.ifeanyi@appmartgroup.com', '08039353125', '58 Zamba ', 'Awka', '25', '3', '12', 29, 'English', '18', 'Onitsha', '58 Zamba', '', '', '', 3, 'Non', 'Non', 'Non', 'Tony', '22', 'ITC', 'tony@appmartgroup.com', '08039353125', 'FATHER', 'mimi', '11', 'civil', 'ndibe.ifeanyi@appmartgroup.com', '08030000000', 'MOTHER', 'Stan', 'AUNT', '21', 'ceo@appmartgroup.com', '080340000000', 'Payment Pending', 1, 0, '0000-00-00 00:00:00', 0, '0000-00-00 00:00:00', 0, 0, 0),
(25, 'Tonia', 'Chiamaka', 'Ndidi', '2016-03-03', 'Female', '8', '', '', '', '', '', 'mako.ifeanyi@appmartgroup.com', '08030000000', 'Udoka', 'Awka', '4', '3', '12', 29, 'Igbo', '12', 'Awka', 'Udoka', '', '', '', 3, 'Non', 'Non', 'Non', 'Tony', 'Ngozika Estate', 'Civil Servant', 'tony@appmartgroup.com', '08030000000', 'FATHER', 'Ifeanyi', 'Udoka', 'ICT', 'ndibe.ifeanyi@appmartgroup.com', '08030000000', 'UNCLE', 'Stan', 'COUSIN', 'Udoka', 'ceo@appmartgroup.com', '080300000000', 'Payment Pending', 1, 0, '0000-00-00 00:00:00', 0, '0000-00-00 00:00:00', 0, 0, 0);

-- --------------------------------------------------------

--
-- Table structure for table `expensestype`
--

CREATE TABLE IF NOT EXISTS `expensestype` (
  `id` int(11) NOT NULL AUTO_INCREMENT,
  `name` varchar(45) DEFAULT NULL,
  `description` text NOT NULL,
  `exptype` int(2) NOT NULL,
  `roleid` int(11) NOT NULL,
  `staffid` int(11) NOT NULL,
  `amount` float(50,2) NOT NULL,
  `status` int(2) DEFAULT '1',
  `schoolid` int(11) DEFAULT NULL,
  `createdby` int(11) DEFAULT NULL,
  `createddate` datetime NOT NULL,
  `approveddate` datetime NOT NULL,
  `approved` int(11) NOT NULL,
  `deleted` int(2) NOT NULL DEFAULT '0',
  `modifieddate` datetime NOT NULL,
  `modifiedby` int(11) NOT NULL,
  PRIMARY KEY (`id`)
) ENGINE=MyISAM  DEFAULT CHARSET=latin1 AUTO_INCREMENT=20 ;

--
-- Dumping data for table `expensestype`
--

INSERT INTO `expensestype` (`id`, `name`, `description`, `exptype`, `roleid`, `staffid`, `amount`, `status`, `schoolid`, `createdby`, `createddate`, `approveddate`, `approved`, `deleted`, `modifieddate`, `modifiedby`) VALUES
(18, 'Transport', 'Transport', 2, 18, 0, 0.00, 1, 9, 434, '2017-02-18 08:56:08', '0000-00-00 00:00:00', 1, 0, '2017-02-18 08:56:58', 1),
(19, 'Office Stationary', 'Office Stationary', 2, 18, 0, 0.00, 1, 9, 1, '2017-02-18 08:58:29', '0000-00-00 00:00:00', 1, 0, '2017-02-18 08:58:33', 1);

-- --------------------------------------------------------

--
-- Table structure for table `login`
--

CREATE TABLE IF NOT EXISTS `login` (
  `id` int(11) NOT NULL AUTO_INCREMENT,
  `username` varchar(255) DEFAULT NULL,
  `password` varchar(255) DEFAULT NULL,
  `status` int(11) DEFAULT '1',
  `deleted` int(2) NOT NULL DEFAULT '0',
  `approved` int(2) NOT NULL DEFAULT '1',
  `createddate` datetime DEFAULT NULL,
  `updatedate` datetime DEFAULT NULL,
  `type` varchar(45) DEFAULT NULL COMMENT 'admin,student, parent, staff will be value of this field',
  `id_of_type_table` int(11) DEFAULT NULL COMMENT 'id of the staff, student and parent table will come in this fields',
  `createdby` int(11) DEFAULT NULL,
  `updatedby` int(11) DEFAULT NULL,
  PRIMARY KEY (`id`)
) ENGINE=MyISAM  DEFAULT CHARSET=latin1 AUTO_INCREMENT=435 ;

--
-- Dumping data for table `login`
--

INSERT INTO `login` (`id`, `username`, `password`, `status`, `deleted`, `approved`, `createddate`, `updatedate`, `type`, `id_of_type_table`, `createdby`, `updatedby`) VALUES
(1, 'admin@gmail.com', 'fcea920f7412b5da7be0cf42b8c93759', 1, 0, 1, NULL, NULL, 'users', 1, NULL, NULL),
(2, 'deepak', 'Staff@P@ss', 1, 0, 1, '2016-02-07 19:28:45', '2016-02-07 19:45:15', 'staff', 10, 1, NULL),
(3, 'parents', 'parents', 1, 0, 1, '2016-02-07 20:31:32', '2016-02-07 20:33:50', 'parents', 1, 1, NULL),
(4, 'teacher', 'teacher', 1, 0, 1, '2016-02-14 20:41:19', NULL, 'staff', 11, 1, NULL),
(5, 'supervisor', 'supervisor', 1, 0, 1, '2016-02-14 20:42:25', '0000-00-00 00:00:00', 'staff', 12, 1, 0),
(6, 'parent', 'parent', 1, 0, 1, '2016-02-14 18:06:41', NULL, 'parents', 2, 5, NULL),
(7, 'student', 'student', 1, 0, 1, '2016-02-15 14:44:56', NULL, 'student', 7, 4, NULL),
(8, 'dpsadmin', 'dpsadmin', 1, 0, 1, '2016-02-21 08:58:44', NULL, 'staff', 13, 1, NULL),
(9, 'dpsstudent', 'dpsstudent', 1, 0, 1, '2016-02-21 11:49:37', NULL, 'student', 8, 8, NULL),
(10, 'jain', 'jain', 1, 0, 1, '2016-02-21 13:12:19', NULL, 'staff', 14, 1, NULL),
(11, 'jainp', 'jainp', 1, 0, 1, '2016-02-21 14:55:01', NULL, 'parents', 3, 10, NULL),
(12, 'jains', 'jains', 1, 0, 1, '2016-02-21 14:56:01', NULL, 'student', 9, 10, NULL),
(13, 'admin', 'd548102de97e35352222caa977ab5a1e', 1, 0, 1, '2016-02-22 10:01:58', NULL, 'staff', 15, 1, NULL),
(14, 'damilola1', 'fcea920f7412b5da7be0cf42b8c93759', 1, 0, 1, '2016-02-22 11:13:08', NULL, 'staff', 16, 1, NULL),
(15, 'Oluwatosin2', 'fcea920f7412b5da7be0cf42b8c93759', 1, 0, 1, '2016-02-22 16:43:30', NULL, 'staff', 17, 14, NULL),
(16, 'Barnabas3', 'fcea920f7412b5da7be0cf42b8c93759', 1, 0, 1, '2016-02-22 16:53:56', NULL, 'staff', 18, 15, NULL),
(17, 'Nina4', 'fcea920f7412b5da7be0cf42b8c93759', 1, 0, 1, '2016-02-22 17:00:39', NULL, 'staff', 19, 16, NULL),
(18, 'Abisola5', 'fcea920f7412b5da7be0cf42b8c93759', 1, 0, 1, '2016-02-22 17:06:12', NULL, 'staff', 20, 17, NULL),
(19, 'Esther6', 'fcea920f7412b5da7be0cf42b8c93759', 1, 0, 1, '2016-02-22 17:11:23', NULL, 'staff', 21, 18, NULL),
(20, 'Rafiu7', 'fcea920f7412b5da7be0cf42b8c93759', 1, 0, 1, '2016-02-23 08:03:29', NULL, 'staff', 22, 13, NULL),
(21, 'Olalekan8', 'fcea920f7412b5da7be0cf42b8c93759', 1, 0, 1, '2016-02-23 08:17:33', NULL, 'staff', 23, 13, NULL),
(22, 'Abosede9', 'fcea920f7412b5da7be0cf42b8c93759', 1, 0, 1, '2016-02-23 08:23:27', NULL, 'staff', 24, 13, NULL),
(23, 'Ambibola10', 'fcea920f7412b5da7be0cf42b8c93759', 1, 0, 1, '2016-02-23 08:28:26', NULL, 'staff', 25, 22, NULL),
(24, 'Arit11', 'fcea920f7412b5da7be0cf42b8c93759', 1, 0, 1, '2016-02-23 08:35:05', NULL, 'staff', 26, 23, NULL),
(25, 'OMS Admin', 'd548102de97e35352222caa977ab5a1e', 1, 0, 1, '2016-02-23 10:59:38', NULL, 'staff', 27, 1, NULL),
(26, 'cyndy1', 'fcea920f7412b5da7be0cf42b8c93759', 1, 0, 1, '2016-02-23 12:35:59', NULL, 'staff', 28, 25, NULL),
(27, 'Adeniyi2', 'fcea920f7412b5da7be0cf42b8c93759', 1, 0, 1, '2016-02-23 12:43:23', NULL, 'staff', 29, 26, NULL),
(28, 'Bummi3', 'fcea920f7412b5da7be0cf42b8c93759', 1, 0, 1, '2016-02-23 12:49:27', NULL, 'staff', 30, 27, NULL),
(29, 'Florence4', 'fcea920f7412b5da7be0cf42b8c93759', 1, 0, 1, '2016-02-23 12:57:03', NULL, 'staff', 31, 28, NULL),
(30, 'Akunna5', 'fcea920f7412b5da7be0cf42b8c93759', 1, 0, 1, '2016-02-23 13:03:59', NULL, 'staff', 32, 29, NULL),
(31, 'Chika6', 'fcea920f7412b5da7be0cf42b8c93759', 1, 0, 1, '2016-02-23 13:11:32', NULL, 'staff', 33, 30, NULL),
(32, 'Augustina7', 'fcea920f7412b5da7be0cf42b8c93759', 1, 0, 1, '2016-02-23 13:19:19', NULL, 'staff', 34, 25, NULL),
(33, 'Chinyere8', 'fcea920f7412b5da7be0cf42b8c93759', 1, 0, 1, '2016-02-23 13:25:51', NULL, 'staff', 35, 32, NULL),
(34, 'Seliat9 ', 'fcea920f7412b5da7be0cf42b8c93759', 1, 0, 1, '2016-02-23 13:31:10', NULL, 'staff', 36, 33, NULL),
(35, 'ibironke9', 'fcea920f7412b5da7be0cf42b8c93759', 1, 0, 1, '2016-02-24 07:11:24', NULL, 'staff', 37, 25, NULL),
(36, 'Sunday10', 'fcea920f7412b5da7be0cf42b8c93759', 1, 0, 1, '2016-02-24 07:21:49', NULL, 'staff', 38, 25, NULL),
(37, 'Irene11', 'fcea920f7412b5da7be0cf42b8c93759', 1, 0, 1, '2016-02-24 10:10:27', NULL, 'staff', 39, 25, NULL),
(38, 'Chioma12', 'fcea920f7412b5da7be0cf42b8c93759', 1, 0, 1, '2016-02-24 10:15:56', NULL, 'staff', 40, 25, NULL),
(39, 'Arinola13', 'fcea920f7412b5da7be0cf42b8c93759', 1, 0, 1, '2016-02-24 10:20:57', NULL, 'staff', 41, 25, NULL),
(40, 'Happiness14', 'fcea920f7412b5da7be0cf42b8c93759', 1, 0, 1, '2016-02-24 10:25:27', NULL, 'staff', 42, 25, NULL),
(41, 'Obianuju15', 'fcea920f7412b5da7be0cf42b8c93759', 1, 0, 1, '2016-02-24 10:31:36', NULL, 'staff', 43, 25, NULL),
(42, 'Jamiu16', 'fcea920f7412b5da7be0cf42b8c93759', 1, 0, 1, '2016-02-24 10:43:51', NULL, 'staff', 44, 25, NULL),
(43, 'Ifeoma17', 'fcea920f7412b5da7be0cf42b8c93759', 1, 0, 1, '2016-02-24 10:50:29', NULL, 'staff', 45, 25, NULL),
(44, 'Uzoma18', 'fcea920f7412b5da7be0cf42b8c93759', 1, 0, 1, '2016-02-24 10:54:10', NULL, 'staff', 46, 25, NULL),
(45, 'Makinde19', 'fcea920f7412b5da7be0cf42b8c93759', 1, 0, 1, '2016-02-24 11:04:24', NULL, 'staff', 47, 25, NULL),
(46, 'Maryann20', 'fcea920f7412b5da7be0cf42b8c93759', 1, 0, 1, '2016-02-24 11:12:10', NULL, 'staff', 48, 25, NULL),
(47, 'Rosemary21', 'fcea920f7412b5da7be0cf42b8c93759', 1, 0, 1, '2016-02-24 11:21:49', NULL, 'staff', 49, 25, NULL),
(48, 'Nneka22', 'fcea920f7412b5da7be0cf42b8c93759', 1, 0, 1, '2016-02-24 11:31:08', NULL, 'staff', 50, 25, NULL),
(49, 'Gladys23', 'fcea920f7412b5da7be0cf42b8c93759', 1, 0, 1, '2016-02-24 11:35:00', NULL, 'staff', 51, 25, NULL),
(50, 'George24', 'fcea920f7412b5da7be0cf42b8c93759', 1, 0, 1, '2016-02-24 11:42:40', NULL, 'staff', 52, 25, NULL),
(51, 'Jacinta ', 'fcea920f7412b5da7be0cf42b8c93759', 1, 0, 1, '2016-02-24 11:52:01', NULL, 'staff', 53, 25, NULL),
(52, 'Momwa26', 'fcea920f7412b5da7be0cf42b8c93759', 1, 0, 1, '2016-02-24 11:59:51', NULL, 'staff', 54, 25, NULL),
(53, 'Ganiat27', 'fcea920f7412b5da7be0cf42b8c93759', 1, 0, 1, '2016-02-24 12:23:04', NULL, 'staff', 55, 25, NULL),
(54, 'Chiamaka28', 'fcea920f7412b5da7be0cf42b8c93759', 1, 0, 1, '2016-02-24 12:31:44', NULL, 'staff', 56, 25, NULL),
(55, 'Veronica29', 'fcea920f7412b5da7be0cf42b8c93759', 1, 0, 1, '2016-02-24 12:39:37', NULL, 'staff', 57, 25, NULL),
(56, 'Ada30', 'fcea920f7412b5da7be0cf42b8c93759', 1, 0, 1, '2016-02-24 12:48:10', NULL, 'staff', 58, 25, NULL),
(57, 'Abimbola1', 'fcea920f7412b5da7be0cf42b8c93759', 1, 0, 1, '2016-02-24 15:55:51', NULL, 'parents', 4, 35, NULL),
(58, 'Aboshi-Adi2', 'fcea920f7412b5da7be0cf42b8c93759', 1, 0, 1, '2016-02-24 16:01:28', NULL, 'parents', 5, 35, NULL),
(59, 'Adeniran3', 'fcea920f7412b5da7be0cf42b8c93759', 1, 0, 1, '2016-02-24 16:06:46', NULL, 'parents', 6, 35, NULL),
(60, 'Adeyemi4', 'fcea920f7412b5da7be0cf42b8c93759', 1, 0, 1, '2016-02-24 16:16:48', NULL, 'parents', 7, 35, NULL),
(61, 'Adino5', 'fcea920f7412b5da7be0cf42b8c93759', 1, 0, 1, '2016-02-24 16:24:12', NULL, 'parents', 8, 35, NULL),
(62, 'Felix6', 'fcea920f7412b5da7be0cf42b8c93759', 1, 0, 1, '2016-02-24 16:29:28', NULL, 'parents', 9, 35, NULL),
(63, 'Ahidjo7', 'fcea920f7412b5da7be0cf42b8c93759', 1, 0, 1, '2016-02-24 16:33:34', NULL, 'parents', 10, 35, NULL),
(64, 'Ajulu8', 'fcea920f7412b5da7be0cf42b8c93759', 1, 0, 1, '2016-02-24 16:37:56', NULL, 'parents', 11, 35, NULL),
(65, 'Akolade9', 'fcea920f7412b5da7be0cf42b8c93759', 1, 0, 1, '2016-02-24 16:42:00', NULL, 'parents', 12, 35, NULL),
(66, 'Akpene10', 'fcea920f7412b5da7be0cf42b8c93759', 1, 0, 1, '2016-02-24 16:45:41', NULL, 'parents', 13, 35, NULL),
(67, 'Lekan11', 'fcea920f7412b5da7be0cf42b8c93759', 1, 0, 1, '2016-02-24 16:50:50', NULL, 'parents', 14, 35, NULL),
(68, 'Amu12', 'fcea920f7412b5da7be0cf42b8c93759', 1, 0, 1, '2016-02-24 16:54:23', NULL, 'parents', 15, 35, NULL),
(69, 'Anyanwu13', 'fcea920f7412b5da7be0cf42b8c93759', 1, 0, 1, '2016-02-24 16:57:08', NULL, 'parents', 16, 35, NULL),
(70, 'Atugbokoh14', 'fcea920f7412b5da7be0cf42b8c93759', 1, 0, 1, '2016-02-24 17:01:40', NULL, 'parents', 17, 35, NULL),
(71, 'Awe-Kolade15', 'fcea920f7412b5da7be0cf42b8c93759', 1, 0, 1, '2016-02-24 17:04:31', NULL, 'parents', 18, 35, NULL),
(72, 'Ayo-Ayotade16', 'fcea920f7412b5da7be0cf42b8c93759', 1, 0, 1, '2016-02-24 17:12:37', NULL, 'parents', 19, 35, NULL),
(73, 'Balogun17', 'fcea920f7412b5da7be0cf42b8c93759', 1, 0, 1, '2016-02-24 17:18:26', NULL, 'parents', 20, 35, NULL),
(74, 'Oladapo18', 'fcea920f7412b5da7be0cf42b8c93759', 1, 0, 1, '2016-02-24 17:23:34', NULL, 'parents', 21, 35, NULL),
(75, 'Danmole19', 'fcea920f7412b5da7be0cf42b8c93759', 1, 0, 1, '2016-02-24 17:30:56', NULL, 'parents', 22, 35, NULL),
(76, 'Edokpolor20', 'fcea920f7412b5da7be0cf42b8c93759', 1, 0, 1, '2016-02-25 08:56:59', NULL, 'parents', 23, 25, NULL),
(77, 'Egwu21', 'fcea920f7412b5da7be0cf42b8c93759', 1, 0, 1, '2016-02-25 09:04:15', NULL, 'parents', 24, 25, NULL),
(78, 'Elulade22Elulade', 'fcea920f7412b5da7be0cf42b8c93759', 1, 0, 1, '2016-02-25 09:09:40', NULL, 'parents', 25, 25, NULL),
(79, 'Evbodaghe23', 'fcea920f7412b5da7be0cf42b8c93759', 1, 0, 1, '2016-02-25 09:14:48', NULL, 'parents', 26, 25, NULL),
(80, 'Ezeana24', 'fcea920f7412b5da7be0cf42b8c93759', 1, 0, 1, '2016-02-25 09:21:45', NULL, 'parents', 27, 25, NULL),
(81, 'Ezeasor25', 'fcea920f7412b5da7be0cf42b8c93759', 1, 0, 1, '2016-02-25 09:29:02', NULL, 'parents', 28, 25, NULL),
(82, 'Habib26', 'fcea920f7412b5da7be0cf42b8c93759', 1, 0, 1, '2016-02-25 09:35:34', NULL, 'parents', 29, 25, NULL),
(83, 'Hemeson27', 'fcea920f7412b5da7be0cf42b8c93759', 1, 0, 1, '2016-02-25 09:39:56', NULL, 'parents', 30, 25, NULL),
(84, 'Ibok28', 'fcea920f7412b5da7be0cf42b8c93759', 1, 0, 1, '2016-02-25 09:57:14', NULL, 'parents', 31, 25, NULL),
(85, 'Idahosa29', 'fcea920f7412b5da7be0cf42b8c93759', 1, 0, 1, '2016-02-25 15:02:50', NULL, 'parents', 32, 25, NULL),
(86, 'Ihiekwe30', 'fcea920f7412b5da7be0cf42b8c93759', 1, 0, 1, '2016-02-25 15:07:52', NULL, 'parents', 33, 25, NULL),
(87, 'Iman31', 'fcea920f7412b5da7be0cf42b8c93759', 1, 0, 1, '2016-02-25 15:16:18', NULL, 'parents', 34, 25, NULL),
(88, 'Jema32', 'fcea920f7412b5da7be0cf42b8c93759', 1, 0, 1, '2016-02-25 15:26:12', NULL, 'parents', 35, 25, NULL),
(89, 'JohnPhillips33', 'fcea920f7412b5da7be0cf42b8c93759', 1, 0, 1, '2016-02-25 15:33:12', NULL, 'parents', 36, 25, NULL),
(90, 'Kayode34', 'fcea920f7412b5da7be0cf42b8c93759', 1, 0, 1, '2016-02-25 15:37:16', NULL, 'parents', 37, 25, NULL),
(91, 'Kodaolu35', 'fcea920f7412b5da7be0cf42b8c93759', 1, 0, 1, '2016-02-25 15:43:49', NULL, 'parents', 38, 25, NULL),
(92, 'Kowobari36', 'fcea920f7412b5da7be0cf42b8c93759', 1, 0, 1, '2016-02-25 15:48:13', NULL, 'parents', 39, 25, NULL),
(93, 'Lawal37', 'fcea920f7412b5da7be0cf42b8c93759', 1, 0, 1, '2016-02-25 15:53:53', NULL, 'parents', 40, 25, NULL),
(94, 'Lecky38', 'fcea920f7412b5da7be0cf42b8c93759', 1, 0, 1, '2016-02-25 15:59:39', NULL, 'parents', 41, 25, NULL),
(95, 'Maduka39', 'fcea920f7412b5da7be0cf42b8c93759', 1, 0, 1, '2016-02-25 16:04:08', NULL, 'parents', 42, 25, NULL),
(96, 'Mogor40', 'fcea920f7412b5da7be0cf42b8c93759', 1, 0, 1, '2016-02-25 20:48:59', NULL, 'parents', 43, 25, NULL),
(97, 'Momodu41', 'fcea920f7412b5da7be0cf42b8c93759', 1, 0, 1, '2016-02-25 20:55:52', NULL, 'parents', 44, 25, NULL),
(98, 'Nwafor42', 'fcea920f7412b5da7be0cf42b8c93759', 1, 0, 1, '2016-02-25 20:59:54', NULL, 'parents', 45, 25, NULL),
(99, 'Nwaka43', 'fcea920f7412b5da7be0cf42b8c93759', 1, 0, 1, '2016-02-25 21:10:01', NULL, 'parents', 46, 25, NULL),
(100, 'Nwali44', 'fcea920f7412b5da7be0cf42b8c93759', 1, 0, 1, '2016-02-25 21:13:17', NULL, 'parents', 47, 25, NULL),
(101, 'Nwanjoku45', 'fcea920f7412b5da7be0cf42b8c93759', 1, 0, 1, '2016-02-25 21:17:11', NULL, 'parents', 48, 25, NULL),
(102, 'Nwoye46', 'fcea920f7412b5da7be0cf42b8c93759', 1, 0, 1, '2016-02-25 21:20:09', NULL, 'parents', 49, 25, NULL),
(103, 'Obasuyi47', 'fcea920f7412b5da7be0cf42b8c93759', 1, 0, 1, '2016-02-25 21:24:36', NULL, 'parents', 50, 25, NULL),
(104, 'Obiora48', 'fcea920f7412b5da7be0cf42b8c93759', 1, 0, 1, '2016-02-25 21:31:40', NULL, 'parents', 51, 25, NULL),
(105, 'Ochiagha49', 'fcea920f7412b5da7be0cf42b8c93759', 1, 0, 1, '2016-02-25 21:36:20', NULL, 'parents', 52, 25, NULL),
(106, 'Odiana50', 'fcea920f7412b5da7be0cf42b8c93759', 1, 0, 1, '2016-02-25 22:12:31', NULL, 'parents', 53, 25, NULL),
(107, 'Odiana51', 'fcea920f7412b5da7be0cf42b8c93759', 1, 0, 1, '2016-02-25 22:20:59', NULL, 'parents', 54, 25, NULL),
(108, 'Odogwu52', 'fcea920f7412b5da7be0cf42b8c93759', 1, 0, 1, '2016-02-25 22:26:39', NULL, 'parents', 55, 25, NULL),
(109, 'Odumah53', 'fcea920f7412b5da7be0cf42b8c93759', 1, 0, 1, '2016-02-25 22:31:10', NULL, 'parents', 56, 25, NULL),
(110, 'Odunlami54', 'fcea920f7412b5da7be0cf42b8c93759', 1, 0, 1, '2016-02-25 22:34:55', NULL, 'parents', 57, 25, NULL),
(111, 'Oduopara55', 'fcea920f7412b5da7be0cf42b8c93759', 1, 0, 1, '2016-02-25 22:38:59', NULL, 'parents', 58, 25, NULL),
(112, 'Ofili56', 'fcea920f7412b5da7be0cf42b8c93759', 1, 0, 1, '2016-02-25 22:42:32', NULL, 'parents', 59, 25, NULL),
(113, 'micheal.ofili57', 'fcea920f7412b5da7be0cf42b8c93759', 1, 0, 1, '2016-02-25 22:48:19', NULL, 'parents', 60, 25, NULL),
(114, 'Ofoegbu58', 'fcea920f7412b5da7be0cf42b8c93759', 1, 0, 1, '2016-02-25 22:53:45', NULL, 'parents', 61, 25, NULL),
(115, 'Ofuani59', 'fcea920f7412b5da7be0cf42b8c93759', 1, 0, 1, '2016-02-25 22:59:14', NULL, 'parents', 62, 25, NULL),
(116, 'Oginni60', 'fcea920f7412b5da7be0cf42b8c93759', 1, 0, 1, '2016-02-25 23:05:06', NULL, 'parents', 63, 25, NULL),
(117, 'Okafor61', 'fcea920f7412b5da7be0cf42b8c93759', 1, 0, 1, '2016-02-25 23:14:59', NULL, 'parents', 64, 25, NULL),
(118, 'Okani62', 'fcea920f7412b5da7be0cf42b8c93759', 1, 0, 1, '2016-02-25 23:19:15', NULL, 'parents', 65, 25, NULL),
(119, 'Okaro63', 'fcea920f7412b5da7be0cf42b8c93759', 1, 0, 1, '2016-02-25 23:22:13', NULL, 'parents', 66, 25, NULL),
(120, 'Okechukwu64', 'fcea920f7412b5da7be0cf42b8c93759', 1, 0, 1, '2016-02-25 23:25:55', NULL, 'parents', 67, 25, NULL),
(121, 'Okoli65', 'fcea920f7412b5da7be0cf42b8c93759', 1, 0, 1, '2016-02-25 23:30:11', NULL, 'parents', 68, 25, NULL),
(122, 'Okoro66', 'fcea920f7412b5da7be0cf42b8c93759', 1, 0, 1, '2016-02-25 23:33:51', NULL, 'parents', 69, 25, NULL),
(123, 'Okoye67', 'fcea920f7412b5da7be0cf42b8c93759', 1, 0, 1, '2016-02-25 23:38:34', NULL, 'parents', 70, 25, NULL),
(124, 'Okusanya68', 'fcea920f7412b5da7be0cf42b8c93759', 1, 0, 1, '2016-02-25 23:43:11', NULL, 'parents', 71, 25, NULL),
(125, 'Olaniyan69', 'fcea920f7412b5da7be0cf42b8c93759', 1, 0, 1, '2016-02-25 23:47:35', NULL, 'parents', 72, 25, NULL),
(126, 'Oni70', 'fcea920f7412b5da7be0cf42b8c93759', 1, 0, 1, '2016-02-26 09:22:52', NULL, 'parents', 73, 25, NULL),
(127, 'Olugbenga71', 'fcea920f7412b5da7be0cf42b8c93759', 1, 0, 1, '2016-02-26 09:29:37', NULL, 'parents', 74, 25, NULL),
(128, 'Onohwakpor72', 'fcea920f7412b5da7be0cf42b8c93759', 1, 0, 1, '2016-02-26 09:32:47', NULL, 'parents', 75, 25, NULL),
(129, 'Onwugbenu73', 'fcea920f7412b5da7be0cf42b8c93759', 1, 0, 1, '2016-02-26 09:37:28', NULL, 'parents', 76, 25, NULL),
(130, 'Onyeka74', 'fcea920f7412b5da7be0cf42b8c93759', 1, 0, 1, '2016-02-26 09:42:07', NULL, 'parents', 77, 25, NULL),
(131, 'Osazuwa75', 'fcea920f7412b5da7be0cf42b8c93759', 1, 0, 1, '2016-02-26 09:48:14', NULL, 'parents', 78, 25, NULL),
(132, 'Oyewusi76', 'fcea920f7412b5da7be0cf42b8c93759', 1, 0, 1, '2016-02-26 09:53:03', NULL, 'parents', 79, 25, NULL),
(133, 'Oyinloye77', 'fcea920f7412b5da7be0cf42b8c93759', 1, 0, 1, '2016-02-26 09:58:17', NULL, 'parents', 80, 25, NULL),
(134, 'Patil78', 'fcea920f7412b5da7be0cf42b8c93759', 1, 0, 1, '2016-02-26 10:00:55', NULL, 'parents', 81, 25, NULL),
(135, 'Raheem79', 'fcea920f7412b5da7be0cf42b8c93759', 1, 0, 1, '2016-02-26 10:04:38', NULL, 'parents', 82, 25, NULL),
(136, 'Sam-Adenekan80', 'fcea920f7412b5da7be0cf42b8c93759', 1, 0, 1, '2016-02-26 10:10:49', NULL, 'parents', 83, 25, NULL),
(137, 'Toheeb.Sanni81', 'fcea920f7412b5da7be0cf42b8c93759', 1, 0, 1, '2016-02-26 10:15:10', NULL, 'parents', 84, 25, NULL),
(138, 'Sodunke82', 'fcea920f7412b5da7be0cf42b8c93759', 1, 0, 1, '2016-02-26 10:20:00', NULL, 'parents', 85, 25, NULL),
(139, 'Sokoya83', 'fcea920f7412b5da7be0cf42b8c93759', 1, 0, 1, '2016-02-26 10:24:50', NULL, 'parents', 86, 25, NULL),
(140, 'Tella84', 'fcea920f7412b5da7be0cf42b8c93759', 1, 0, 1, '2016-02-26 10:49:07', NULL, 'parents', 87, 25, NULL),
(141, 'Tobore85', 'fcea920f7412b5da7be0cf42b8c93759', 1, 0, 1, '2016-02-26 11:02:31', NULL, 'parents', 88, 25, NULL),
(142, 'Udoji86', 'fcea920f7412b5da7be0cf42b8c93759', 1, 0, 1, '2016-02-26 11:05:46', NULL, 'parents', 89, 25, NULL),
(143, 'Udorji87', 'fcea920f7412b5da7be0cf42b8c93759', 1, 0, 1, '2016-02-26 11:17:06', NULL, 'parents', 90, 25, NULL),
(144, 'Umar89', 'fcea920f7412b5da7be0cf42b8c93759', 1, 0, 1, '2016-02-26 11:25:44', NULL, 'parents', 91, 25, NULL),
(145, 'Unigwe89', 'fcea920f7412b5da7be0cf42b8c93759', 1, 0, 1, '2016-02-26 11:38:28', NULL, 'parents', 92, 30, NULL),
(146, 'Uzowuru90', 'fcea920f7412b5da7be0cf42b8c93759', 1, 0, 1, '2016-02-26 11:42:35', NULL, 'parents', 93, 30, NULL),
(147, 'Skola', 'b77cd332c66ce4136b98058ea469b863', 1, 0, 1, '2016-03-06 19:43:48', NULL, 'staff', 59, 1, NULL),
(148, 'suitetexting', 'fcea920f7412b5da7be0cf42b8c93759', 1, 0, 1, '2016-03-07 08:42:07', NULL, 'staff', 60, 147, NULL),
(149, 'Queenton', 'fcea920f7412b5da7be0cf42b8c93759', 1, 0, 1, '2016-03-08 09:14:06', NULL, 'parents', 94, 147, NULL),
(150, 'Munachi', 'fcea920f7412b5da7be0cf42b8c93759', 1, 0, 1, '2016-03-08 09:21:26', NULL, 'parents', 95, 147, NULL),
(151, 'Achimugu', 'fcea920f7412b5da7be0cf42b8c93759', 1, 0, 1, '2016-03-08 09:38:28', NULL, 'parents', 96, 25, NULL),
(152, 'testprogram', 'fcea920f7412b5da7be0cf42b8c93759', 1, 0, 1, '2016-03-11 07:36:15', NULL, 'parents', 97, 147, NULL),
(153, 'AGUNBIADE', 'fcea920f7412b5da7be0cf42b8c93759', 1, 0, 1, '2016-03-11 08:04:19', NULL, 'parents', 98, 13, NULL),
(154, 'Chiamaka', 'fcea920f7412b5da7be0cf42b8c93759', 1, 0, 1, '2016-03-11 18:29:10', NULL, 'student', 10, 147, NULL),
(155, 'molas', '3a39aeb7cee4d7ff30b4d56f7bb1e174', 1, 0, 1, '2016-03-14 00:36:29', NULL, 'student', 11, 1, NULL),
(156, 'Ndigweogechukwu', 'fcea920f7412b5da7be0cf42b8c93759', 1, 0, 1, '2016-03-15 11:54:45', NULL, 'student', 12, 147, NULL),
(157, 'Abache', 'fcea920f7412b5da7be0cf42b8c93759', 1, 0, 1, '2016-03-21 10:12:39', NULL, 'parents', 99, 25, NULL),
(158, 'Treasure', 'fcea920f7412b5da7be0cf42b8c93759', 1, 0, 1, '2016-03-21 10:41:39', NULL, 'student', 13, 25, NULL),
(159, 'Omoboriola', 'fcea920f7412b5da7be0cf42b8c93759', 1, 0, 1, '2016-03-21 10:53:32', NULL, 'student', 14, 25, NULL),
(160, 'Aaliyah ', 'fcea920f7412b5da7be0cf42b8c93759', 1, 0, 1, '2016-03-21 11:03:13', NULL, 'student', 15, 25, NULL),
(161, 'Shafeeekah', 'fcea920f7412b5da7be0cf42b8c93759', 1, 0, 1, '2016-03-21 11:26:01', NULL, 'student', 16, 25, NULL),
(162, 'Isabella ', 'fcea920f7412b5da7be0cf42b8c93759', 1, 0, 1, '2016-03-21 11:58:19', NULL, 'student', 17, 25, NULL),
(163, 'Ododoojo ', 'fcea920f7412b5da7be0cf42b8c93759', 1, 0, 1, '2016-03-21 12:50:01', NULL, 'student', 18, 25, NULL),
(164, 'Adams', 'fcea920f7412b5da7be0cf42b8c93759', 1, 0, 1, '2016-03-22 08:09:40', NULL, 'parents', 100, 25, NULL),
(165, 'Tamilore', 'fcea920f7412b5da7be0cf42b8c93759', 1, 0, 1, '2016-03-22 08:19:59', NULL, 'student', 19, 25, NULL),
(166, 'Uyoojo ', 'fcea920f7412b5da7be0cf42b8c93759', 1, 0, 1, '2016-03-22 08:29:33', NULL, 'student', 20, 25, NULL),
(167, 'Adegboyega', 'fcea920f7412b5da7be0cf42b8c93759', 1, 0, 1, '2016-03-22 08:58:10', NULL, 'student', 21, 25, NULL),
(168, ' Adenuga', 'fcea920f7412b5da7be0cf42b8c93759', 1, 0, 1, '2016-03-22 09:05:23', NULL, 'parents', 101, 25, NULL),
(169, 'Kehinde', 'fcea920f7412b5da7be0cf42b8c93759', 1, 0, 1, '2016-03-22 09:51:32', NULL, 'student', 22, 25, NULL),
(170, 'Taiwo', 'fcea920f7412b5da7be0cf42b8c93759', 1, 0, 1, '2016-03-22 09:59:49', NULL, 'student', 23, 25, NULL),
(171, 'Olujimi', 'fcea920f7412b5da7be0cf42b8c93759', 1, 0, 1, '2016-03-22 10:11:13', NULL, 'student', 24, 25, NULL),
(172, 'Chizara', 'fcea920f7412b5da7be0cf42b8c93759', 1, 0, 1, '2016-03-22 10:17:02', NULL, 'student', 25, 25, NULL),
(173, 'Ojibo', 'fcea920f7412b5da7be0cf42b8c93759', 1, 0, 1, '2016-04-05 09:20:21', NULL, 'parents', 102, 25, NULL),
(174, 'Efa', 'fcea920f7412b5da7be0cf42b8c93759', 1, 0, 1, '2016-04-05 09:29:42', NULL, 'student', 26, 25, NULL),
(175, 'Ahaneku.Alvin', 'fcea920f7412b5da7be0cf42b8c93759', 1, 0, 1, '2016-04-05 09:57:22', NULL, 'student', 27, 25, NULL),
(176, 'Ahaneku.Nicole', 'fcea920f7412b5da7be0cf42b8c93759', 1, 0, 1, '2016-04-05 10:02:12', NULL, 'student', 28, 25, NULL),
(177, 'Ahaneku.Maxwell', 'fcea920f7412b5da7be0cf42b8c93759', 1, 0, 1, '2016-04-05 10:08:34', NULL, 'student', 29, 25, NULL),
(178, 'Ahidjo.Salmon', 'fcea920f7412b5da7be0cf42b8c93759', 1, 0, 1, '2016-04-05 10:22:55', NULL, 'student', 30, 25, NULL),
(179, 'Ajulu.Tobechukwu', 'fcea920f7412b5da7be0cf42b8c93759', 1, 0, 1, '2016-04-05 10:30:21', NULL, 'student', 31, 25, NULL),
(180, 'Ajulu.Kamsi', 'fcea920f7412b5da7be0cf42b8c93759', 1, 0, 1, '2016-04-05 10:37:38', NULL, 'student', 32, 25, NULL),
(181, 'Ajulu.Chiazogom', 'fcea920f7412b5da7be0cf42b8c93759', 1, 0, 1, '2016-04-05 10:48:53', NULL, 'student', 33, 25, NULL),
(182, 'Akabueze', 'fcea920f7412b5da7be0cf42b8c93759', 1, 0, 1, '2016-04-11 08:30:32', NULL, 'parents', 103, 25, NULL),
(183, 'Benedict', 'fcea920f7412b5da7be0cf42b8c93759', 1, 0, 1, '2016-04-11 08:40:29', NULL, 'student', 34, 25, NULL),
(184, 'Akindele', 'fcea920f7412b5da7be0cf42b8c93759', 1, 0, 1, '2016-04-11 08:47:30', NULL, 'parents', 104, 25, NULL),
(185, 'Kofoworola ', 'fcea920f7412b5da7be0cf42b8c93759', 1, 0, 1, '2016-04-11 08:54:24', NULL, 'student', 35, 25, NULL),
(186, ' Akinyimika ', 'fcea920f7412b5da7be0cf42b8c93759', 1, 0, 1, '2016-04-11 08:59:48', NULL, 'parents', 105, 25, NULL),
(187, 'Samuel ', 'fcea920f7412b5da7be0cf42b8c93759', 1, 0, 1, '2016-04-11 09:06:55', NULL, 'student', 36, 25, NULL),
(188, 'Ayomide', 'fcea920f7412b5da7be0cf42b8c93759', 1, 0, 1, '2016-04-11 09:14:06', NULL, 'student', 37, 25, NULL),
(189, 'Ayodeji', 'fcea920f7412b5da7be0cf42b8c93759', 1, 0, 1, '2016-04-11 09:20:01', NULL, 'student', 38, 25, NULL),
(190, 'Ozimede', 'fcea920f7412b5da7be0cf42b8c93759', 1, 0, 1, '2016-04-11 09:27:00', NULL, 'student', 39, 25, NULL),
(191, 'Alagoa', 'fcea920f7412b5da7be0cf42b8c93759', 1, 0, 1, '2016-04-11 09:36:11', NULL, 'parents', 106, 25, NULL),
(192, 'Laura', 'fcea920f7412b5da7be0cf42b8c93759', 1, 0, 1, '2016-04-11 09:44:24', NULL, 'student', 40, 25, NULL),
(193, 'Olayefa', 'fcea920f7412b5da7be0cf42b8c93759', 1, 0, 1, '2016-04-11 09:55:27', NULL, 'student', 41, 25, NULL),
(194, 'Alli-Balogun', 'fcea920f7412b5da7be0cf42b8c93759', 1, 0, 1, '2016-04-11 10:07:32', NULL, 'parents', 107, 25, NULL),
(195, 'Temiloluwa', 'fcea920f7412b5da7be0cf42b8c93759', 1, 0, 1, '2016-04-11 10:41:42', NULL, 'student', 42, 25, NULL),
(196, 'Amadi', 'fcea920f7412b5da7be0cf42b8c93759', 1, 0, 1, '2016-04-11 10:48:10', NULL, 'parents', 108, 25, NULL),
(197, 'Derrik', 'fcea920f7412b5da7be0cf42b8c93759', 1, 0, 1, '2016-04-11 10:55:20', NULL, 'student', 43, 25, NULL),
(198, 'Izuchukwu', 'fcea920f7412b5da7be0cf42b8c93759', 1, 0, 1, '2016-04-11 11:00:29', NULL, 'student', 44, 25, NULL),
(199, 'Chidiogo', 'fcea920f7412b5da7be0cf42b8c93759', 1, 0, 1, '2016-04-11 11:09:45', NULL, 'student', 45, 25, NULL),
(200, 'Animashaun ', 'fcea920f7412b5da7be0cf42b8c93759', 1, 0, 1, '2016-04-14 09:57:37', NULL, 'parents', 109, 25, NULL),
(201, 'Issa', 'fcea920f7412b5da7be0cf42b8c93759', 1, 0, 1, '2016-04-14 10:05:35', NULL, 'student', 46, 25, NULL),
(202, 'Babatunde', 'fcea920f7412b5da7be0cf42b8c93759', 1, 0, 1, '2016-04-14 10:14:46', NULL, 'student', 47, 25, NULL),
(203, 'Anueyiagu', 'fcea920f7412b5da7be0cf42b8c93759', 1, 0, 1, '2016-04-14 10:20:58', NULL, 'parents', 110, 25, NULL),
(204, 'Munachimso ', 'fcea920f7412b5da7be0cf42b8c93759', 1, 0, 1, '2016-04-14 10:29:20', NULL, 'student', 48, 25, NULL),
(205, 'Somtochukwu', 'fcea920f7412b5da7be0cf42b8c93759', 1, 0, 1, '2016-04-14 11:04:44', NULL, 'student', 49, 25, NULL),
(206, 'Anyadike', 'fcea920f7412b5da7be0cf42b8c93759', 1, 0, 1, '2016-04-14 11:16:40', NULL, 'parents', 111, 25, NULL),
(207, 'Chukwudumebi', 'fcea920f7412b5da7be0cf42b8c93759', 1, 0, 1, '2016-04-14 11:26:14', NULL, 'student', 50, 25, NULL),
(208, 'Asubop', 'fcea920f7412b5da7be0cf42b8c93759', 1, 0, 1, '2016-04-18 09:26:59', NULL, 'parents', 112, 25, NULL),
(209, 'James', 'fcea920f7412b5da7be0cf42b8c93759', 1, 0, 1, '2016-04-18 09:56:17', NULL, 'student', 51, 25, NULL),
(210, 'Barbara', 'fcea920f7412b5da7be0cf42b8c93759', 1, 0, 1, '2016-04-18 10:01:50', NULL, 'student', 52, 25, NULL),
(211, 'Osemedua', 'fcea920f7412b5da7be0cf42b8c93759', 1, 0, 1, '2016-04-18 10:07:36', NULL, 'student', 53, 25, NULL),
(212, 'Cristabel ', 'fcea920f7412b5da7be0cf42b8c93759', 1, 0, 1, '2016-04-18 10:23:03', NULL, 'student', 54, 25, NULL),
(213, 'Oluwanifemi', 'fcea920f7412b5da7be0cf42b8c93759', 1, 0, 1, '2016-04-18 11:05:35', NULL, 'student', 55, 25, NULL),
(214, 'Boluwatife', 'fcea920f7412b5da7be0cf42b8c93759', 1, 0, 1, '2016-04-18 11:10:53', NULL, 'student', 56, 25, NULL),
(215, 'Benson', 'fcea920f7412b5da7be0cf42b8c93759', 1, 0, 1, '2016-04-18 11:20:47', NULL, 'parents', 113, 25, NULL),
(216, 'Benson-Ayomide', 'fcea920f7412b5da7be0cf42b8c93759', 1, 0, 1, '2016-04-18 11:27:53', NULL, 'student', 57, 25, NULL),
(217, 'Oluwakonyinsola ', 'fcea920f7412b5da7be0cf42b8c93759', 1, 0, 1, '2016-04-18 11:48:24', NULL, 'student', 58, 25, NULL),
(218, 'Fridaos ', 'fcea920f7412b5da7be0cf42b8c93759', 1, 0, 1, '2016-04-21 09:42:33', NULL, 'student', 59, 25, NULL),
(219, 'Nadrat  ', 'fcea920f7412b5da7be0cf42b8c93759', 1, 0, 1, '2016-04-21 09:59:24', NULL, 'student', 60, 25, NULL),
(220, 'Balogun-Oladapo', 'fcea920f7412b5da7be0cf42b8c93759', 1, 0, 1, '2016-04-21 10:13:31', NULL, 'parents', 114, 25, NULL),
(221, 'Nicolas', 'fcea920f7412b5da7be0cf42b8c93759', 1, 0, 1, '2016-04-21 10:21:07', NULL, 'student', 61, 25, NULL),
(222, 'Chelsea', 'fcea920f7412b5da7be0cf42b8c93759', 1, 0, 1, '2016-04-21 10:29:52', NULL, 'student', 62, 25, NULL),
(223, 'Charles-Ugbechie', 'fcea920f7412b5da7be0cf42b8c93759', 1, 0, 1, '2016-04-21 10:42:17', NULL, 'parents', 115, 25, NULL),
(224, 'Ifiorah', 'fcea920f7412b5da7be0cf42b8c93759', 1, 0, 1, '2016-05-03 14:30:31', NULL, 'parents', 116, 25, NULL),
(225, 'makuochukwu', 'fcea920f7412b5da7be0cf42b8c93759', 1, 0, 1, '2016-05-03 14:37:34', NULL, 'student', 63, 25, NULL),
(226, 'kupoluyi', 'fcea920f7412b5da7be0cf42b8c93759', 1, 0, 1, '2016-05-07 14:25:05', NULL, 'parents', 117, 25, NULL),
(227, 'Oluwatamilore', 'fcea920f7412b5da7be0cf42b8c93759', 1, 0, 1, '2016-05-07 14:35:41', NULL, 'student', 64, 25, NULL),
(228, 'Odetayo', 'fcea920f7412b5da7be0cf42b8c93759', 1, 0, 1, '2016-05-07 14:41:16', NULL, 'parents', 118, 25, NULL),
(229, 'Tamilore2', 'fcea920f7412b5da7be0cf42b8c93759', 1, 0, 1, '2016-05-07 14:53:52', NULL, 'student', 65, 25, NULL),
(230, 'Obazelu', 'fcea920f7412b5da7be0cf42b8c93759', 1, 0, 1, '2016-05-07 15:41:38', NULL, 'parents', 119, 25, NULL),
(231, 'Iwinosa', 'fcea920f7412b5da7be0cf42b8c93759', 1, 0, 1, '2016-05-07 15:46:26', NULL, 'student', 66, 25, NULL),
(232, 'Ehizomo', 'fcea920f7412b5da7be0cf42b8c93759', 1, 0, 1, '2016-05-07 16:04:36', NULL, 'student', 67, 25, NULL),
(233, 'Ifeanyi', 'fcea920f7412b5da7be0cf42b8c93759', 1, 0, 1, '2016-05-07 16:27:04', NULL, 'student', 68, 25, NULL),
(234, 'David', 'fcea920f7412b5da7be0cf42b8c93759', 1, 0, 1, '2016-05-10 12:03:59', NULL, 'parents', 120, 25, NULL),
(235, 'Adaeze', 'fcea920f7412b5da7be0cf42b8c93759', 1, 0, 1, '2016-05-10 12:07:24', NULL, 'student', 69, 25, NULL),
(236, 'Adesuwa', 'fcea920f7412b5da7be0cf42b8c93759', 1, 0, 1, '2016-05-10 12:16:25', NULL, 'student', 70, 25, NULL),
(237, 'Gbotemi', 'fcea920f7412b5da7be0cf42b8c93759', 1, 0, 1, '2016-05-10 12:25:01', NULL, 'student', 71, 25, NULL),
(238, 'Chukwurah', 'fcea920f7412b5da7be0cf42b8c93759', 1, 0, 1, '2016-05-10 12:42:57', NULL, 'parents', 121, 25, NULL),
(239, 'Chukwudubem', 'fcea920f7412b5da7be0cf42b8c93759', 1, 0, 1, '2016-05-10 12:46:53', NULL, 'student', 72, 25, NULL),
(240, 'Obiedo', 'fcea920f7412b5da7be0cf42b8c93759', 1, 0, 1, '2016-05-10 12:53:04', NULL, 'parents', 122, 25, NULL),
(241, 'Vanessa', 'fcea920f7412b5da7be0cf42b8c93759', 1, 0, 1, '2016-05-10 12:56:41', NULL, 'student', 73, 25, NULL),
(242, 'Victor', 'fcea920f7412b5da7be0cf42b8c93759', 1, 0, 1, '2016-05-10 13:13:58', NULL, 'student', 74, 25, NULL),
(243, 'Onohwakpor', 'fcea920f7412b5da7be0cf42b8c93759', 1, 0, 1, '2016-05-10 13:26:20', NULL, 'parents', 123, 25, NULL),
(244, 'Destiney', 'fcea920f7412b5da7be0cf42b8c93759', 1, 0, 1, '2016-05-10 13:39:30', NULL, 'student', 75, 25, NULL),
(245, 'Samuel-Ipaye', 'fcea920f7412b5da7be0cf42b8c93759', 1, 0, 1, '2016-05-10 13:45:09', NULL, 'parents', 124, 25, NULL),
(246, 'Seun', 'fcea920f7412b5da7be0cf42b8c93759', 1, 0, 1, '2016-05-10 13:48:26', NULL, 'student', 76, 25, NULL),
(247, 'Nathans', 'fcea920f7412b5da7be0cf42b8c93759', 1, 0, 1, '2016-05-10 13:57:52', NULL, 'parents', 125, 25, NULL),
(248, 'Chidera', 'fcea920f7412b5da7be0cf42b8c93759', 1, 0, 1, '2016-05-10 14:00:55', NULL, 'student', 77, 25, NULL),
(249, 'Onyedika', 'fcea920f7412b5da7be0cf42b8c93759', 1, 0, 1, '2016-05-10 14:09:52', NULL, 'student', 78, 25, NULL),
(250, 'Osaze', 'fcea920f7412b5da7be0cf42b8c93759', 1, 0, 1, '2016-05-10 14:19:51', NULL, 'student', 79, 25, NULL),
(251, 'Oluwadare', 'fcea920f7412b5da7be0cf42b8c93759', 1, 0, 1, '2016-05-10 14:29:11', NULL, 'parents', 126, 25, NULL),
(252, 'Marygrace', 'fcea920f7412b5da7be0cf42b8c93759', 1, 0, 1, '2016-05-10 14:32:09', NULL, 'student', 80, 25, NULL),
(253, 'Chukwuemeka', 'fcea920f7412b5da7be0cf42b8c93759', 1, 0, 1, '2016-05-10 14:50:10', NULL, 'student', 81, 25, NULL),
(254, 'Onyeiwu', 'fcea920f7412b5da7be0cf42b8c93759', 1, 0, 1, '2016-05-13 09:08:01', NULL, 'parents', 127, 25, NULL),
(255, 'Ugonna', 'fcea920f7412b5da7be0cf42b8c93759', 1, 0, 1, '2016-05-13 09:11:07', NULL, 'student', 82, 25, NULL),
(256, 'Chimaeme', 'fcea920f7412b5da7be0cf42b8c93759', 1, 0, 1, '2016-05-13 10:39:06', NULL, 'student', 83, 25, NULL),
(257, 'Clarke-Sodeinde', 'fcea920f7412b5da7be0cf42b8c93759', 1, 0, 1, '2016-05-13 10:44:34', NULL, 'parents', 128, 25, NULL),
(258, 'Arielle', 'fcea920f7412b5da7be0cf42b8c93759', 1, 0, 1, '2016-05-13 10:48:17', NULL, 'student', 84, 25, NULL),
(259, 'Daniel', 'fcea920f7412b5da7be0cf42b8c93759', 1, 0, 1, '2016-05-13 10:57:17', NULL, 'student', 85, 25, NULL),
(260, 'Olubunmi-Davies', 'fcea920f7412b5da7be0cf42b8c93759', 1, 0, 1, '2016-05-13 11:04:55', NULL, 'parents', 129, 25, NULL),
(261, 'Obatofunmi', 'fcea920f7412b5da7be0cf42b8c93759', 1, 0, 1, '2016-05-13 11:08:40', NULL, 'student', 86, 25, NULL),
(262, 'Marvellous', 'fcea920f7412b5da7be0cf42b8c93759', 1, 0, 1, '2016-05-13 11:15:59', NULL, 'student', 87, 25, NULL),
(263, 'Fareeda', 'fcea920f7412b5da7be0cf42b8c93759', 1, 0, 1, '2016-05-13 20:00:46', NULL, 'student', 88, 25, NULL),
(264, 'Mogbolu', 'fcea920f7412b5da7be0cf42b8c93759', 1, 0, 1, '2016-05-13 20:10:05', NULL, 'parents', 130, 25, NULL),
(265, 'Tabeel', 'fcea920f7412b5da7be0cf42b8c93759', 1, 0, 1, '2016-05-13 20:20:34', NULL, 'student', 89, 25, NULL),
(266, 'Chizitelu', 'fcea920f7412b5da7be0cf42b8c93759', 1, 0, 1, '2016-05-13 20:30:39', NULL, 'student', 90, 25, NULL),
(267, 'Ogunboyo', 'fcea920f7412b5da7be0cf42b8c93759', 1, 0, 1, '2016-05-13 20:37:46', NULL, 'parents', 131, 25, NULL),
(268, 'Ilerioluwa', 'fcea920f7412b5da7be0cf42b8c93759', 1, 0, 1, '2016-05-13 20:42:37', NULL, 'student', 91, 25, NULL),
(269, 'Enang', 'fcea920f7412b5da7be0cf42b8c93759', 1, 0, 1, '2016-05-13 20:55:29', NULL, 'parents', 132, 25, NULL),
(270, 'Idara', 'fcea920f7412b5da7be0cf42b8c93759', 1, 0, 1, '2016-05-13 20:58:53', NULL, 'student', 92, 25, NULL),
(271, 'Obalum', 'fcea920f7412b5da7be0cf42b8c93759', 1, 0, 1, '2016-05-13 21:15:13', NULL, 'parents', 133, 25, NULL),
(272, 'Obalum.Chukwuemeka', 'fcea920f7412b5da7be0cf42b8c93759', 1, 0, 1, '2016-05-13 21:24:06', NULL, 'student', 93, 25, NULL),
(273, 'Obi-Okoro', 'fcea920f7412b5da7be0cf42b8c93759', 1, 0, 1, '2016-05-13 21:40:17', NULL, 'parents', 134, 25, NULL),
(274, 'Chinedum', 'fcea920f7412b5da7be0cf42b8c93759', 1, 0, 1, '2016-05-13 21:51:36', NULL, 'student', 94, 25, NULL),
(275, 'Chukwuezeugo', 'fcea920f7412b5da7be0cf42b8c93759', 1, 0, 1, '2016-05-13 21:56:15', NULL, 'student', 95, 25, NULL),
(276, 'Oni.Oluwanifemi', 'fcea920f7412b5da7be0cf42b8c93759', 1, 0, 1, '2016-05-13 22:05:15', NULL, 'student', 96, 25, NULL),
(277, 'Uwubanmwe', 'fcea920f7412b5da7be0cf42b8c93759', 1, 0, 1, '2016-05-14 11:25:52', NULL, 'parents', 135, 25, NULL),
(278, 'Amenze', 'fcea920f7412b5da7be0cf42b8c93759', 1, 0, 1, '2016-05-14 11:28:49', NULL, 'student', 97, 25, NULL),
(279, 'Obi', 'fcea920f7412b5da7be0cf42b8c93759', 1, 0, 1, '2016-05-14 11:33:58', NULL, 'parents', 136, 25, NULL),
(280, 'Kamfe', 'fcea920f7412b5da7be0cf42b8c93759', 1, 0, 1, '2016-05-14 11:44:19', NULL, 'student', 98, 25, NULL),
(281, 'Chizitelum', 'fcea920f7412b5da7be0cf42b8c93759', 1, 0, 1, '2016-05-14 16:53:33', NULL, 'student', 99, 25, NULL),
(282, 'Chibunnam', 'fcea920f7412b5da7be0cf42b8c93759', 1, 0, 1, '2016-05-16 17:22:20', NULL, 'student', 100, 25, NULL),
(283, 'Nnadi', 'fcea920f7412b5da7be0cf42b8c93759', 1, 0, 1, '2016-05-16 17:30:52', NULL, 'parents', 137, 25, NULL),
(284, 'chidera.nnadi', 'fcea920f7412b5da7be0cf42b8c93759', 1, 0, 1, '2016-05-16 17:35:20', NULL, 'student', 101, 25, NULL),
(285, 'Oluwabusayomi', 'fcea920f7412b5da7be0cf42b8c93759', 1, 0, 1, '2016-05-16 17:46:20', NULL, 'student', 102, 25, NULL),
(286, 'Joseph', 'fcea920f7412b5da7be0cf42b8c93759', 1, 0, 1, '2016-05-16 17:52:30', NULL, 'parents', 138, 25, NULL),
(287, 'Omotolani', 'fcea920f7412b5da7be0cf42b8c93759', 1, 0, 1, '2016-05-16 17:59:56', NULL, 'student', 103, 25, NULL),
(288, 'Timileyin', 'fcea920f7412b5da7be0cf42b8c93759', 1, 0, 1, '2016-05-16 18:05:28', NULL, 'student', 104, 25, NULL),
(289, 'Michael', 'fcea920f7412b5da7be0cf42b8c93759', 1, 0, 1, '2016-05-16 18:12:26', NULL, 'student', 105, 25, NULL),
(290, 'Chiamaka2', 'fcea920f7412b5da7be0cf42b8c93759', 1, 0, 1, '2016-05-19 18:05:51', NULL, 'student', 106, 25, NULL),
(291, 'Chisom', 'fcea920f7412b5da7be0cf42b8c93759', 1, 0, 1, '2016-05-19 18:09:49', NULL, 'student', 107, 25, NULL),
(292, 'Akachukwu', 'fcea920f7412b5da7be0cf42b8c93759', 1, 0, 1, '2016-05-19 18:15:10', NULL, 'student', 108, 25, NULL),
(293, 'Onanna', 'fcea920f7412b5da7be0cf42b8c93759', 1, 0, 1, '2016-05-19 18:19:25', NULL, 'student', 109, 25, NULL),
(294, 'Tobenna', 'fcea920f7412b5da7be0cf42b8c93759', 1, 0, 1, '2016-05-19 18:23:07', NULL, 'student', 110, 25, NULL),
(295, 'Olajimi', 'fcea920f7412b5da7be0cf42b8c93759', 1, 0, 1, '2016-05-19 18:28:03', NULL, 'student', 111, 25, NULL),
(296, 'Sunmimade', 'fcea920f7412b5da7be0cf42b8c93759', 1, 0, 1, '2016-05-19 18:34:07', NULL, 'student', 112, 25, NULL),
(297, 'Olorunifemi', 'fcea920f7412b5da7be0cf42b8c93759', 1, 0, 1, '2016-05-19 18:39:45', NULL, 'student', 113, 25, NULL),
(298, 'Temiloluwa2', 'fcea920f7412b5da7be0cf42b8c93759', 1, 0, 1, '2016-05-19 18:44:52', NULL, 'student', 114, 25, NULL),
(299, 'Jade', 'fcea920f7412b5da7be0cf42b8c93759', 1, 0, 1, '2016-05-19 18:50:15', NULL, 'student', 115, 25, NULL),
(300, 'Daniella', 'fcea920f7412b5da7be0cf42b8c93759', 1, 0, 1, '2016-05-19 18:53:44', NULL, 'student', 116, 25, NULL),
(301, 'Oyesaga', 'fcea920f7412b5da7be0cf42b8c93759', 1, 0, 1, '2016-05-19 18:58:48', NULL, 'parents', 139, 25, NULL),
(302, 'Mobolaji', 'fcea920f7412b5da7be0cf42b8c93759', 1, 0, 1, '2016-05-19 19:03:26', NULL, 'student', 117, 25, NULL),
(303, 'Oluwatimileyin', 'fcea920f7412b5da7be0cf42b8c93759', 1, 0, 1, '2016-05-19 19:07:17', NULL, 'student', 118, 25, NULL),
(304, 'Jeff-Okafor', 'fcea920f7412b5da7be0cf42b8c93759', 1, 0, 1, '2016-05-23 20:44:16', NULL, 'parents', 140, 25, NULL),
(305, 'Chimchetaram', 'fcea920f7412b5da7be0cf42b8c93759', 1, 0, 1, '2016-05-23 20:57:38', NULL, 'student', 119, 25, NULL),
(306, 'Chimdinma', 'fcea920f7412b5da7be0cf42b8c93759', 1, 0, 1, '2016-05-23 21:01:54', NULL, 'student', 120, 25, NULL),
(307, 'Chimamanda', 'fcea920f7412b5da7be0cf42b8c93759', 1, 0, 1, '2016-05-23 21:13:06', NULL, 'student', 121, 25, NULL),
(308, 'Ogonnia', 'fcea920f7412b5da7be0cf42b8c93759', 1, 0, 1, '2016-05-23 21:23:55', NULL, 'student', 122, 25, NULL),
(309, 'Joshua', 'fcea920f7412b5da7be0cf42b8c93759', 1, 0, 1, '2016-05-24 10:05:44', NULL, 'student', 123, 25, NULL),
(310, 'Juanita', 'fcea920f7412b5da7be0cf42b8c93759', 1, 0, 1, '2016-05-24 10:38:24', NULL, 'student', 124, 25, NULL),
(311, 'Michelle', 'fcea920f7412b5da7be0cf42b8c93759', 1, 0, 1, '2016-05-24 10:45:19', NULL, 'student', 125, 25, NULL),
(312, 'Angel1', 'fcea920f7412b5da7be0cf42b8c93759', 1, 0, 1, '2016-05-24 10:49:13', NULL, 'student', 126, 25, NULL),
(313, 'Olaleye', 'fcea920f7412b5da7be0cf42b8c93759', 1, 0, 1, '2016-05-24 10:54:41', NULL, 'parents', 141, 25, NULL),
(314, 'Oluwajomiloju', 'fcea920f7412b5da7be0cf42b8c93759', 1, 0, 1, '2016-05-24 10:59:03', NULL, 'student', 127, 25, NULL),
(315, 'Titojumi', 'fcea920f7412b5da7be0cf42b8c93759', 1, 0, 1, '2016-05-24 11:07:15', NULL, 'student', 128, 25, NULL),
(316, 'Oguadinma', 'fcea920f7412b5da7be0cf42b8c93759', 1, 0, 1, '2016-05-24 11:12:29', NULL, 'parents', 142, 25, NULL),
(317, 'Victor2', 'fcea920f7412b5da7be0cf42b8c93759', 1, 0, 1, '2016-05-24 11:23:28', NULL, 'student', 129, 25, NULL),
(318, 'Uche-Kekeocha', 'fcea920f7412b5da7be0cf42b8c93759', 1, 0, 1, '2016-05-24 18:27:42', NULL, 'parents', 143, 25, NULL),
(319, 'Xanella', 'fcea920f7412b5da7be0cf42b8c93759', 1, 0, 1, '2016-05-24 18:30:37', NULL, 'student', 130, 25, NULL),
(320, 'Obuba', 'fcea920f7412b5da7be0cf42b8c93759', 1, 0, 1, '2016-05-24 18:35:20', NULL, 'parents', 144, 25, NULL),
(321, 'Daniel2', 'fcea920f7412b5da7be0cf42b8c93759', 1, 0, 1, '2016-05-24 18:51:59', NULL, 'student', 131, 25, NULL),
(322, 'Daniella2', 'fcea920f7412b5da7be0cf42b8c93759', 1, 0, 1, '2016-05-24 18:56:00', NULL, 'student', 132, 25, NULL),
(323, 'Feyisayo', 'fcea920f7412b5da7be0cf42b8c93759', 1, 0, 1, '2016-05-24 19:01:00', NULL, 'student', 133, 25, NULL),
(324, 'Shekinah', 'fcea920f7412b5da7be0cf42b8c93759', 1, 0, 1, '2016-05-24 19:06:03', NULL, 'student', 134, 25, NULL),
(325, 'Samuel2', 'fcea920f7412b5da7be0cf42b8c93759', 1, 0, 1, '2016-05-24 19:08:50', NULL, 'student', 135, 25, NULL),
(326, 'William', 'fcea920f7412b5da7be0cf42b8c93759', 1, 0, 1, '2016-05-24 19:13:00', NULL, 'student', 136, 25, NULL),
(327, 'Adora', 'fcea920f7412b5da7be0cf42b8c93759', 1, 0, 1, '2016-05-24 19:16:20', NULL, 'student', 137, 25, NULL),
(328, 'Obianuju', 'fcea920f7412b5da7be0cf42b8c93759', 1, 0, 1, '2016-05-24 19:22:12', NULL, 'student', 138, 25, NULL),
(329, 'Ikechukwu', 'fcea920f7412b5da7be0cf42b8c93759', 1, 0, 1, '2016-05-24 19:25:18', NULL, 'student', 139, 25, NULL),
(330, 'Kyle', 'fcea920f7412b5da7be0cf42b8c93759', 1, 0, 1, '2016-05-25 09:45:51', NULL, 'student', 140, 25, NULL),
(331, 'Brian', 'fcea920f7412b5da7be0cf42b8c93759', 1, 0, 1, '2016-05-25 09:48:16', NULL, 'student', 141, 25, NULL),
(332, 'Emoyon-Iredia', 'fcea920f7412b5da7be0cf42b8c93759', 1, 0, 1, '2016-05-25 09:54:17', NULL, 'parents', 145, 25, NULL),
(333, 'Onosetale', 'fcea920f7412b5da7be0cf42b8c93759', 1, 0, 1, '2016-05-25 09:57:38', NULL, 'student', 142, 25, NULL),
(334, 'Isabella2', 'fcea920f7412b5da7be0cf42b8c93759', 1, 0, 1, '2016-05-25 10:05:43', NULL, 'student', 143, 25, NULL),
(335, 'Emmanuella2', 'fcea920f7412b5da7be0cf42b8c93759', 1, 0, 1, '2016-05-25 10:08:39', NULL, 'student', 144, 25, NULL),
(336, 'Adedeji', 'fcea920f7412b5da7be0cf42b8c93759', 1, 0, 1, '2016-05-25 10:15:20', NULL, 'parents', 146, 25, NULL),
(337, 'Oluwadara', 'fcea920f7412b5da7be0cf42b8c93759', 1, 0, 1, '2016-05-25 10:18:46', NULL, 'student', 145, 25, NULL),
(338, 'Oluwadarimi', 'fcea920f7412b5da7be0cf42b8c93759', 1, 0, 1, '2016-05-25 10:24:38', NULL, 'student', 146, 25, NULL),
(339, 'Amy12', 'fcea920f7412b5da7be0cf42b8c93759', 1, 0, 1, '2016-05-25 10:32:37', NULL, 'student', 147, 25, NULL),
(340, 'Charles', 'fcea920f7412b5da7be0cf42b8c93759', 1, 0, 1, '2016-05-25 10:35:35', NULL, 'student', 148, 25, NULL),
(341, 'Olivia', 'fcea920f7412b5da7be0cf42b8c93759', 1, 0, 1, '2016-05-25 10:39:37', NULL, 'student', 149, 25, NULL),
(342, 'Egbujie', 'fcea920f7412b5da7be0cf42b8c93759', 1, 0, 1, '2016-05-25 11:44:22', NULL, 'parents', 147, 25, NULL),
(343, 'Angel2', 'fcea920f7412b5da7be0cf42b8c93759', 1, 0, 1, '2016-05-25 11:47:49', NULL, 'student', 150, 25, NULL),
(344, 'Ifunanya', 'fcea920f7412b5da7be0cf42b8c93759', 1, 0, 1, '2016-05-25 11:52:47', NULL, 'student', 151, 25, NULL),
(345, 'Chizaram', 'fcea920f7412b5da7be0cf42b8c93759', 1, 0, 1, '2016-05-25 11:55:45', NULL, 'student', 152, 25, NULL),
(346, 'Edeosa', 'fcea920f7412b5da7be0cf42b8c93759', 1, 0, 1, '2016-05-25 12:02:56', NULL, 'student', 153, 25, NULL),
(347, 'Ikponmwosa', 'fcea920f7412b5da7be0cf42b8c93759', 1, 0, 1, '2016-05-25 12:05:41', NULL, 'student', 154, 25, NULL),
(348, 'Mayowa', 'fcea920f7412b5da7be0cf42b8c93759', 1, 0, 1, '2016-05-25 12:09:36', NULL, 'student', 155, 25, NULL),
(349, 'Ukabiala', 'fcea920f7412b5da7be0cf42b8c93759', 1, 0, 1, '2016-05-25 12:16:02', NULL, 'parents', 148, 25, NULL),
(350, 'Chukwudumebi2', 'fcea920f7412b5da7be0cf42b8c93759', 1, 0, 1, '2016-05-25 12:21:51', NULL, 'student', 156, 25, NULL),
(351, 'Isabella12', 'fcea920f7412b5da7be0cf42b8c93759', 1, 0, 1, '2016-05-25 12:28:57', NULL, 'student', 157, 25, NULL),
(352, 'Brenda', 'fcea920f7412b5da7be0cf42b8c93759', 1, 0, 1, '2016-05-25 12:33:06', NULL, 'student', 158, 25, NULL),
(353, 'Samuel12', 'fcea920f7412b5da7be0cf42b8c93759', 1, 0, 1, '2016-05-25 12:39:45', NULL, 'student', 159, 25, NULL),
(354, 'Chimdindu', 'fcea920f7412b5da7be0cf42b8c93759', 1, 0, 1, '2016-05-25 12:46:34', NULL, 'student', 160, 25, NULL),
(355, 'Mojolaoluwa', 'fcea920f7412b5da7be0cf42b8c93759', 1, 0, 1, '2016-05-25 14:49:16', NULL, 'student', 161, 25, NULL),
(356, 'Oluwajomiloju2', 'fcea920f7412b5da7be0cf42b8c93759', 1, 0, 1, '2016-05-25 14:55:17', NULL, 'student', 162, 25, NULL),
(357, 'Oluwatomisin', 'fcea920f7412b5da7be0cf42b8c93759', 1, 0, 1, '2016-05-25 14:58:12', NULL, 'student', 163, 25, NULL),
(358, 'Osayuware', 'fcea920f7412b5da7be0cf42b8c93759', 1, 0, 1, '2016-05-25 15:06:40', NULL, 'student', 164, 25, NULL),
(359, 'Samuel3', 'fcea920f7412b5da7be0cf42b8c93759', 1, 0, 1, '2016-05-25 15:11:02', NULL, 'student', 165, 25, NULL),
(360, 'Oginni2', 'fcea920f7412b5da7be0cf42b8c93759', 1, 0, 1, '2016-05-25 15:16:57', NULL, 'parents', 149, 25, NULL),
(361, 'Kiitan', 'fcea920f7412b5da7be0cf42b8c93759', 1, 0, 1, '2016-05-25 15:21:13', NULL, 'student', 166, 25, NULL),
(362, 'Balogun2', 'fcea920f7412b5da7be0cf42b8c93759', 1, 0, 1, '2016-05-25 15:28:03', NULL, 'parents', 150, 25, NULL),
(363, 'Ayomide2', 'fcea920f7412b5da7be0cf42b8c93759', 1, 0, 1, '2016-05-25 15:31:34', NULL, 'student', 167, 25, NULL),
(364, 'Anuoluwapo', 'fcea920f7412b5da7be0cf42b8c93759', 1, 0, 1, '2016-05-25 15:41:50', NULL, 'student', 168, 25, NULL),
(365, 'Ugochukwu', 'fcea920f7412b5da7be0cf42b8c93759', 1, 0, 1, '2016-05-25 15:49:59', NULL, 'student', 169, 25, NULL),
(366, 'Tejumoluwa', 'fcea920f7412b5da7be0cf42b8c93759', 1, 0, 1, '2016-05-25 15:54:22', NULL, 'student', 170, 25, NULL),
(367, 'Tobiloba', 'fcea920f7412b5da7be0cf42b8c93759', 1, 0, 1, '2016-05-25 16:01:29', NULL, 'student', 171, 25, NULL),
(368, 'Oluwatitomi', 'fcea920f7412b5da7be0cf42b8c93759', 1, 0, 1, '2016-05-25 16:12:22', NULL, 'student', 172, 25, NULL),
(369, 'Mumin', 'fcea920f7412b5da7be0cf42b8c93759', 1, 0, 1, '2016-05-28 10:53:30', NULL, 'student', 173, 25, NULL),
(370, 'Faizat', 'fcea920f7412b5da7be0cf42b8c93759', 1, 0, 1, '2016-05-28 10:57:30', NULL, 'student', 174, 25, NULL),
(371, 'Stephanie', 'fcea920f7412b5da7be0cf42b8c93759', 1, 0, 1, '2016-05-28 11:02:19', NULL, 'student', 175, 25, NULL),
(372, 'Ujuamara', 'fcea920f7412b5da7be0cf42b8c93759', 1, 0, 1, '2016-05-28 13:21:32', NULL, 'student', 176, 25, NULL),
(373, 'Chidera3', 'fcea920f7412b5da7be0cf42b8c93759', 1, 0, 1, '2016-05-28 13:24:00', NULL, 'student', 177, 25, NULL),
(374, 'Obinna', 'fcea920f7412b5da7be0cf42b8c93759', 1, 0, 1, '2016-05-28 13:30:38', NULL, 'student', 178, 25, NULL),
(375, 'Arinze', 'fcea920f7412b5da7be0cf42b8c93759', 1, 0, 1, '2016-05-28 13:33:55', NULL, 'student', 179, 25, NULL),
(376, 'Faizah', 'fcea920f7412b5da7be0cf42b8c93759', 1, 0, 1, '2016-05-28 13:38:45', NULL, 'student', 180, 25, NULL),
(377, 'Obaloluwa', 'fcea920f7412b5da7be0cf42b8c93759', 1, 0, 1, '2016-05-28 16:47:08', NULL, 'student', 181, 25, NULL),
(378, 'Osahon', 'fcea920f7412b5da7be0cf42b8c93759', 1, 0, 1, '2016-05-28 16:51:15', NULL, 'student', 182, 25, NULL),
(379, 'Ebehi', 'fcea920f7412b5da7be0cf42b8c93759', 1, 0, 1, '2016-05-28 16:54:45', NULL, 'student', 183, 25, NULL),
(380, 'Emmanuella12', 'fcea920f7412b5da7be0cf42b8c93759', 1, 0, 1, '2016-05-28 16:59:20', NULL, 'student', 184, 25, NULL),
(381, 'Lisa-Rayne', 'fcea920f7412b5da7be0cf42b8c93759', 1, 0, 1, '2016-05-28 17:02:54', NULL, 'student', 185, 25, NULL),
(382, 'Sky12', 'fcea920f7412b5da7be0cf42b8c93759', 1, 0, 1, '2016-05-28 17:06:05', NULL, 'student', 186, 25, NULL),
(383, 'Ryan', 'fcea920f7412b5da7be0cf42b8c93759', 1, 0, 1, '2016-05-28 17:09:51', NULL, 'student', 187, 25, NULL),
(384, 'Chikwendu', 'fcea920f7412b5da7be0cf42b8c93759', 1, 0, 1, '2016-05-28 17:14:12', NULL, 'student', 188, 25, NULL),
(385, 'Oluwaferanmi', 'fcea920f7412b5da7be0cf42b8c93759', 1, 0, 1, '2016-05-28 17:19:33', NULL, 'student', 189, 25, NULL),
(386, 'Jesufemi', 'fcea920f7412b5da7be0cf42b8c93759', 1, 0, 1, '2016-05-28 17:24:34', NULL, 'student', 190, 25, NULL),
(387, 'Semilore', 'fcea920f7412b5da7be0cf42b8c93759', 1, 0, 1, '2016-05-28 19:21:38', NULL, 'student', 191, 25, NULL),
(388, 'Ayomikun', 'fcea920f7412b5da7be0cf42b8c93759', 1, 0, 1, '2016-05-28 19:24:34', NULL, 'student', 192, 25, NULL),
(389, 'Favour', 'fcea920f7412b5da7be0cf42b8c93759', 1, 0, 1, '2016-05-28 19:30:18', NULL, 'student', 193, 25, NULL),
(390, 'Tirenioluwa', 'fcea920f7412b5da7be0cf42b8c93759', 1, 0, 1, '2016-05-28 19:34:43', NULL, 'student', 194, 25, NULL),
(391, 'Jason', 'fcea920f7412b5da7be0cf42b8c93759', 1, 0, 1, '2016-05-28 19:40:01', NULL, 'student', 195, 25, NULL),
(392, 'Oluwagbotemi', 'fcea920f7412b5da7be0cf42b8c93759', 1, 0, 1, '2016-05-28 19:47:48', NULL, 'student', 196, 25, NULL),
(393, 'Kamsiyochukwu', 'fcea920f7412b5da7be0cf42b8c93759', 1, 0, 1, '2016-05-28 19:53:03', NULL, 'student', 197, 25, NULL),
(394, 'Oluwasemilore', 'fcea920f7412b5da7be0cf42b8c93759', 1, 0, 1, '2016-05-29 09:51:08', NULL, 'student', 198, 25, NULL),
(395, 'Vera', 'fcea920f7412b5da7be0cf42b8c93759', 1, 0, 1, '2016-05-29 09:55:23', NULL, 'student', 199, 25, NULL),
(396, 'Paridhi', 'fcea920f7412b5da7be0cf42b8c93759', 1, 0, 1, '2016-05-29 10:00:17', NULL, 'student', 200, 25, NULL),
(397, 'Malachy', 'fcea920f7412b5da7be0cf42b8c93759', 1, 0, 1, '2016-05-29 10:04:30', NULL, 'student', 201, 25, NULL),
(398, 'Chukwuka', 'fcea920f7412b5da7be0cf42b8c93759', 1, 0, 1, '2016-05-29 10:07:29', NULL, 'student', 202, 25, NULL),
(399, 'Kameela', 'fcea920f7412b5da7be0cf42b8c93759', 1, 0, 1, '2016-05-29 10:14:21', NULL, 'student', 203, 25, NULL),
(400, 'Khalid', 'fcea920f7412b5da7be0cf42b8c93759', 1, 0, 1, '2016-05-29 10:16:56', NULL, 'student', 204, 25, NULL),
(401, 'Oluwafunmilade', 'fcea920f7412b5da7be0cf42b8c93759', 1, 0, 1, '2016-05-29 10:22:58', NULL, 'student', 205, 25, NULL),
(402, 'Oluwatomilola', 'fcea920f7412b5da7be0cf42b8c93759', 1, 0, 1, '2016-05-29 10:25:46', NULL, 'student', 206, 25, NULL),
(403, 'Tobenna2', 'fcea920f7412b5da7be0cf42b8c93759', 1, 0, 1, '2016-05-29 10:30:59', NULL, 'student', 207, 25, NULL),
(404, 'Mmesoma', 'fcea920f7412b5da7be0cf42b8c93759', 1, 0, 1, '2016-05-29 10:33:13', NULL, 'student', 208, 25, NULL),
(405, 'Kadaolu', 'fcea920f7412b5da7be0cf42b8c93759', 1, 0, 1, '2016-05-29 10:37:58', NULL, 'parents', 151, 25, NULL),
(406, 'Kodaolu', 'fcea920f7412b5da7be0cf42b8c93759', 1, 0, 1, '2016-05-29 10:43:02', NULL, 'student', 209, 25, NULL),
(407, 'Jeremiah', 'fcea920f7412b5da7be0cf42b8c93759', 1, 0, 1, '2016-05-29 10:48:10', NULL, 'student', 210, 25, NULL),
(408, 'Jesutofunmi', 'fcea920f7412b5da7be0cf42b8c93759', 1, 0, 1, '2016-05-29 10:53:08', NULL, 'student', 211, 25, NULL),
(409, 'Vincent', 'fcea920f7412b5da7be0cf42b8c93759', 1, 0, 1, '2016-05-29 10:58:01', NULL, 'student', 212, 25, NULL),
(410, 'Valerie', 'fcea920f7412b5da7be0cf42b8c93759', 1, 0, 1, '2016-05-29 11:00:58', NULL, 'student', 213, 25, NULL),
(411, 'Jamal', 'fcea920f7412b5da7be0cf42b8c93759', 1, 0, 1, '2016-05-29 19:38:30', NULL, 'student', 214, 25, NULL),
(412, 'Amani', 'fcea920f7412b5da7be0cf42b8c93759', 1, 0, 1, '2016-05-29 19:40:47', NULL, 'student', 215, 25, NULL),
(413, 'Chikaima', 'fcea920f7412b5da7be0cf42b8c93759', 1, 0, 1, '2016-05-29 19:44:54', NULL, 'student', 216, 25, NULL),
(414, 'Atta', 'fcea920f7412b5da7be0cf42b8c93759', 1, 0, 1, '2016-05-29 19:48:26', NULL, 'parents', 152, 25, NULL),
(415, 'Marvel', 'fcea920f7412b5da7be0cf42b8c93759', 1, 0, 1, '2016-05-29 19:50:26', NULL, 'student', 217, 25, NULL),
(416, 'Ndubuisi', 'fcea920f7412b5da7be0cf42b8c93759', 1, 0, 1, '2016-05-29 19:55:18', NULL, 'student', 218, 25, NULL),
(417, 'Dabeluchukwu', 'fcea920f7412b5da7be0cf42b8c93759', 1, 0, 1, '2016-05-29 20:04:12', NULL, 'student', 219, 25, NULL),
(418, 'Munachimso2', 'fcea920f7412b5da7be0cf42b8c93759', 1, 0, 1, '2016-05-29 20:06:43', NULL, 'student', 220, 25, NULL),
(419, 'Joseph12', 'fcea920f7412b5da7be0cf42b8c93759', 1, 0, 1, '2016-05-29 20:12:22', NULL, 'student', 221, 25, NULL),
(420, 'Kenechukwu', 'fcea920f7412b5da7be0cf42b8c93759', 1, 0, 1, '2016-05-29 20:17:04', NULL, 'student', 222, 25, NULL),
(421, 'Munachimso12', 'fcea920f7412b5da7be0cf42b8c93759', 1, 0, 1, '2016-05-29 20:21:00', NULL, 'student', 223, 25, NULL),
(422, 'Chinemelum', 'fcea920f7412b5da7be0cf42b8c93759', 1, 0, 1, '2016-05-29 20:27:47', NULL, 'student', 224, 25, NULL),
(423, 'Tirenioluwa2', 'fcea920f7412b5da7be0cf42b8c93759', 1, 0, 1, '2016-05-29 20:33:57', NULL, 'student', 225, 25, NULL),
(424, 'Ifueko', 'fcea920f7412b5da7be0cf42b8c93759', 1, 0, 1, '2016-05-29 20:38:35', NULL, 'student', 226, 25, NULL),
(425, 'Eniwaju', 'fcea920f7412b5da7be0cf42b8c93759', 1, 0, 1, '2016-05-29 20:43:44', NULL, 'student', 227, 25, NULL),
(426, 'Al-Amin', 'fcea920f7412b5da7be0cf42b8c93759', 1, 0, 1, '2016-05-29 20:51:40', NULL, 'student', 228, 25, NULL),
(427, 'Richard', 'fcea920f7412b5da7be0cf42b8c93759', 1, 0, 1, '2016-05-29 20:58:08', NULL, 'student', 229, 25, NULL),
(428, 'Kiitan2', 'fcea920f7412b5da7be0cf42b8c93759', 1, 0, 1, '2016-05-29 21:02:33', NULL, 'student', 230, 25, NULL),
(429, 'Nifemi', 'fcea920f7412b5da7be0cf42b8c93759', 1, 0, 1, '2016-05-29 21:07:40', NULL, 'student', 231, 25, NULL),
(430, 'Eriifeoluwa', 'fcea920f7412b5da7be0cf42b8c93759', 1, 0, 1, '2016-05-29 21:11:39', NULL, 'student', 232, 25, NULL);
INSERT INTO `login` (`id`, `username`, `password`, `status`, `deleted`, `approved`, `createddate`, `updatedate`, `type`, `id_of_type_table`, `createdby`, `updatedby`) VALUES
(431, 'Ifeanyi12', 'fcea920f7412b5da7be0cf42b8c93759', 1, 0, 1, '2016-05-29 21:17:45', NULL, 'student', 233, 25, NULL),
(432, 'Salisu', 'fcea920f7412b5da7be0cf42b8c93759', 1, 0, 1, '2016-05-29 21:20:58', NULL, 'parents', 153, 25, NULL),
(433, 'Mofe', 'fcea920f7412b5da7be0cf42b8c93759', 1, 0, 1, '2016-05-29 21:25:21', NULL, 'student', 234, 25, NULL),
(434, 'abhishek', 'fcea920f7412b5da7be0cf42b8c93759', 1, 0, 1, '2017-02-18 08:32:59', NULL, 'staff', 61, 1, NULL);

-- --------------------------------------------------------

--
-- Table structure for table `loginattempt`
--

CREATE TABLE IF NOT EXISTS `loginattempt` (
  `id` int(11) NOT NULL AUTO_INCREMENT,
  `loginid` varchar(45) DEFAULT NULL,
  `deviceid` varchar(45) DEFAULT NULL,
  `logintime` datetime DEFAULT NULL,
  `otherdetails` varchar(45) DEFAULT NULL,
  PRIMARY KEY (`id`)
) ENGINE=MyISAM DEFAULT CHARSET=latin1 AUTO_INCREMENT=1 ;

--
-- Dumping data for table `loginattempt`
--


-- --------------------------------------------------------

--
-- Table structure for table `menu_and_link`
--

CREATE TABLE IF NOT EXISTS `menu_and_link` (
  `id` int(11) NOT NULL AUTO_INCREMENT,
  `label` varchar(255) DEFAULT NULL,
  `action_id` int(11) DEFAULT NULL,
  `key` varchar(45) DEFAULT NULL,
  `parent_id` int(11) DEFAULT NULL,
  `show_in_left_yn` int(11) DEFAULT '1',
  `show_to_parent` int(11) DEFAULT '0',
  `show_to_student` int(11) DEFAULT '0',
  PRIMARY KEY (`id`)
) ENGINE=InnoDB  DEFAULT CHARSET=latin1 AUTO_INCREMENT=142 ;

--
-- Dumping data for table `menu_and_link`
--

INSERT INTO `menu_and_link` (`id`, `label`, `action_id`, `key`, `parent_id`, `show_in_left_yn`, `show_to_parent`, `show_to_student`) VALUES
(1, 'Manage Fees', NULL, NULL, 0, 1, 0, 0),
(2, 'Manage Fees Type', 58, 'manage_fee_type', 1, 1, 0, 0),
(3, 'Manage Class Fee Setup', 63, 'manage_fee', 1, 1, 0, 0),
(4, 'Manage School', NULL, NULL, 0, 1, 0, 0),
(5, 'View Students', 118, 'list_student', 13, 1, 0, 0),
(6, 'View Parents/Guardians', 68, 'manage_guardian', 13, 1, 0, 0),
(7, 'View Terms Results', NULL, 'list_results', 4, 1, 0, 0),
(8, 'Staff Information', NULL, NULL, 0, 1, 0, 0),
(9, 'View Staffs', 93, 'manage_staff', 8, 1, 0, 0),
(10, 'View Staff School Category', NULL, 'manage_vstaffschool', 8, 1, 0, 0),
(11, 'View Class Teachers', NULL, 'manage_vstaffteacher', 8, 1, 0, 0),
(12, 'View Staff Subjects', NULL, 'manage_vstaffsubject', 8, 1, 0, 0),
(13, 'Manage Students', NULL, NULL, 0, 1, 0, 0),
(14, 'Register Student', 116, 'Register_Student', 13, 1, 0, 0),
(15, 'Manage Student House', 128, 'manage_student_house', 13, 1, 0, 0),
(16, 'Manage Student Type', 123, 'manage_student_type', 13, 1, 0, 0),
(17, 'Modify Student Information', 128, 'list_student', 13, 1, 0, 0),
(18, 'Manage Guardian', 68, 'manage_guardian', 13, 1, 0, 0),
(19, 'Student Medical Records', 38, 'manage_medical', 13, 1, 0, 0),
(20, 'Manage Term/Session', NULL, NULL, 0, 1, 0, 0),
(21, 'Manage Terms', 152, 'manage_term', 20, 1, 0, 0),
(22, 'Manage Session', 153, 'manage_session', 20, 1, 0, 0),
(23, 'Manage School Term Setup', 154, 'manage_schoolterm', 20, 1, 0, 0),
(24, 'Manage Current Term and Session', 155, 'manage_currentterm', 20, 1, 0, 0),
(25, 'Manage Staff', NULL, NULL, 0, 1, 0, 0),
(26, 'Register Staff', 93, 'manage_staff', 26, 1, 0, 0),
(27, 'Manage Class Teachers', 103, 'manage_staffteacher', 26, 1, 0, 0),
(28, 'Manage School Staff Category ', 108, 'manage_staffcategory', 26, 1, 0, 0),
(29, 'Manage Staff Subjects', 98, 'manage_staffsubject', 26, 1, 0, 0),
(30, 'Manage Staff Positions', 113, 'manage_staffposition', 26, 1, 0, 0),
(31, 'Update Staff Access', 0, 'manage_staffaccess', 26, 1, 0, 0),
(32, 'Manage Subject', NULL, NULL, 0, 1, 0, 0),
(33, 'Manage Subject Type', 0, 'manage_subject_type', 32, 1, 0, 0),
(34, 'Manage School Subject', NULL, 'manage_subject', 32, 1, 0, 0),
(35, 'Manage Miscellaneous', NULL, NULL, 0, 1, 0, 0),
(36, 'Manage Assessment Type', 8, 'manage_assessment', 35, 1, 0, 0),
(37, 'Manage Attendance Type', 13, 'manage_attendence', 35, 1, 0, 0),
(38, 'Score Settings', 18, 'manage_score', 35, 1, 0, 0),
(39, 'Manage Grade Settings', 23, 'manage_grade', 35, 1, 0, 0),
(40, 'Manage Record/Diary', 43, 'manage_diary', 35, 1, 0, 0),
(41, 'Manage Notes', 48, 'manage_notes', 35, 1, 0, 0),
(42, 'Manage Assignment', 53, 'manage_assignment', 35, 1, 0, 0),
(43, 'Psychomotor/Affective Domain', NULL, NULL, 0, 1, 0, 0),
(44, 'Manage Psychomotor Type', 78, 'manage_phychomotor', 43, 1, 0, 0),
(45, 'Psychomotor Key Settings', 83, 'manage_phychomotortype', 43, 1, 0, 0),
(46, 'Manage Affective Domain Type', 88, 'manage_domain', 43, 1, 0, 0),
(47, 'ACL Manager', NULL, NULL, 0, 1, 0, 0),
(48, 'Manage Role', NULL, 'manage_roles', 47, 1, 0, 0),
(49, 'Manage Permission', NULL, 'manage_permission', 47, 1, 0, 0),
(50, 'Manage Classes ', NULL, NULL, 0, 1, 0, 0),
(51, 'Manage All Classes', 28, 'manage_all_class', 50, 1, 0, 0),
(52, 'Manage School Classes', 33, 'manage_school_class', 50, 0, 0, 0),
(57, 'List School', 0, 'list_school', 4, 1, 0, 0),
(58, 'School Note - For Parents', 0, 'manage_househeadcomments', 8, 1, 0, 0),
(59, 'House Head''s Comments', 0, 'manage_hoheadcomment', 8, 1, 0, 0),
(60, 'Class Teacher''s Comments', 0, 'manage_teachercomments', 8, 1, 0, 0),
(61, 'Principal''s Comments', 0, 'manage_principlecomments', 8, 1, 0, 0),
(62, 'Manage Attendance', 0, 'manage_attendance', 13, 1, 0, 0),
(63, 'Manage Cognitive/Exam', 0, 'manage_exam', 13, 1, 0, 0),
(64, 'Manage Assessment Score', 0, 'manage_assscore', 13, 1, 0, 0),
(65, 'Register Staff', 0, 'manage_staff', 25, 1, 0, 0),
(66, 'Manage Class Teachers', 0, 'manage_staffteacher', 25, 1, 0, 0),
(67, 'Manage School Staff Category', 0, 'manage_staffcategory', 25, 1, 0, 0),
(68, 'Manage Staff Subjects', 0, 'manage_staffsubject', 25, 1, 0, 0),
(69, 'Manage Staff Positions', 0, 'manage_staffposition', 25, 1, 0, 0),
(70, 'Manage Subject Attendance', 0, 'manage_subjectattendance', 32, 1, 0, 0),
(71, 'Manage Psychomotor Score', 0, 'manage_phychomotor_score', 43, 1, 0, 0),
(72, 'Enter Psychomotor', 0, 'manage_enter_phychomotor', 43, 1, 0, 0),
(73, 'Enter Affective Domain', 0, 'manage_enter_domain', 43, 1, 0, 0),
(75, 'Student Report', 0, '', 0, 1, 1, 1),
(76, 'View Student Data', 0, 'viewstudent_data', 75, 1, 1, 1),
(77, 'View Daily Report', 0, 'viewstudent_dailyreport', 75, 1, 1, 1),
(78, 'View Lesson Note', 0, 'viewstudent_lessonreport', 75, 1, 1, 1),
(79, 'View Assignment', 0, 'viewstudent_assignmentreport', 75, 1, 1, 1),
(80, 'View Attendance', 0, 'viewstudent_attendance', 75, 1, 1, 1),
(81, 'View Fee', 0, 'viewstudent_fee', 75, 1, 1, 1),
(82, ' View Assessment/Test Score', 0, 'viewstudent_assessment', 75, 1, 1, 1),
(83, 'View Term Results', 0, 'viewstudent_results', 75, 1, 1, 1),
(84, 'View House Head''s Note', 0, 'viewstudent_housenote', 75, 1, 1, 1),
(85, 'View Medical Comments', NULL, 'viewmedicalpcomments', 75, 1, 1, 0),
(86, 'Manage Specialization', 0, 'manage_specialization', 25, 1, 0, 0),
(87, 'User Settings', 0, NULL, 0, 1, 0, 0),
(88, 'Reset Password', 0, 'reset_password', 87, 1, 0, 0),
(89, 'Manage Entrance Exam', 0, '', 0, 1, 0, 0),
(90, 'Manage Questions', NULL, 'manage_examquestions', 89, 0, 0, 0),
(91, 'Schedule Exam', NULL, 'manage_examschedule', 89, 0, 0, 0),
(92, 'Manage Applications', NULL, 'manage_examattendee', 89, 1, 0, 0),
(93, 'Manage Results', NULL, 'manage_examresults', 89, 1, 0, 0),
(94, 'Manage Selection', NULL, 'manage_examselection', 89, 1, 0, 0),
(95, 'Manage Selected Pupil', NULL, 'manage_exampupils', 89, 1, 0, 0),
(96, 'Manage Exam Reports', NULL, 'manage_examreports', 89, 0, 0, 0),
(97, 'Manage Communication', 0, '', 0, 1, 0, 0),
(98, 'Manage Group', NULL, 'manage_comgroup', 97, 1, 0, 0),
(99, 'Manage Template', NULL, 'manage_comtemplate', 97, 1, 0, 0),
(100, 'Schedule Communication', NULL, 'manage_comschedule', 97, 1, 0, 0),
(101, 'Communication History', NULL, 'manage_comhistory', 97, 1, 0, 0),
(102, 'Communication Reports', NULL, 'manage_comhistory', 97, 1, 0, 0),
(103, 'Manage Account', 0, '', 0, 1, 0, 0),
(104, 'Manage School Fees', NULL, 'manage_accschoolfee', 103, 0, 0, 0),
(105, 'Manage School Fees template', NULL, 'manage_accfeetemplate', 103, 1, 0, 0),
(106, 'Generate School Fees', NULL, 'manage_accgeneratefee', 103, 1, 0, 0),
(107, 'Make Payment', NULL, 'manage_accsetpayment', 103, 1, 0, 0),
(108, 'Manage Payment Slips', NULL, 'manage_accpayslips', 103, 1, 0, 0),
(109, 'Get Notification list', NULL, 'manage_accnotificationlist', 103, 0, 0, 0),
(110, 'Manage Payment Reports', NULL, 'manage_accpayreports', 103, 0, 0, 0),
(111, 'Manage Payment History', NULL, 'manage_accpayhistory', 103, 0, 0, 0),
(112, 'Manage concession / Rebate', NULL, 'manage_accrebate', 103, 1, 0, 0),
(113, 'Manage Installment payment', NULL, 'manage_accinstall', 103, 0, 0, 0),
(114, 'Payment Receipt Generation', NULL, 'manage_accreceipt', 103, 0, 0, 0),
(115, 'Parents- View Fees transaction', NULL, 'manage_accviewfees', 103, 0, 0, 0),
(116, 'Parents- Make Payment', NULL, 'manage_accmakepay', 103, 0, 0, 0),
(117, 'Parents- See full statement.', NULL, 'manage_accfullstmt', 103, 0, 0, 0),
(118, 'Parents- Manage Fees Slips', NULL, 'manage_accparentsfeeslips', 103, 1, 1, 0),
(119, 'Manage Hostel', NULL, '', 0, 1, 0, 0),
(120, 'List Hostel', NULL, 'manage_listhostal', 119, 1, 0, 0),
(121, 'Manage Room', NULL, 'manage_hostalroom', 119, 1, 0, 0),
(122, 'Manage Floor Plan', NULL, 'manage_hostalfloor', 119, 1, 0, 0),
(123, 'Manage Room Charges', NULL, 'manage_hostalcharges', 119, 1, 0, 0),
(124, 'Manage Room booking', NULL, 'manage_hostalbooking', 119, 1, 0, 0),
(125, 'Payment Transaction', NULL, 'manage_hostaltransaction', 119, 1, 0, 0),
(126, 'Allotments Report', NULL, 'manage_hostalallotment', 119, 1, 0, 0),
(127, 'Manage Library', 0, '', 0, 1, 0, 0),
(128, 'Manage Category', NULL, 'manage_libcategory', 127, 1, 0, 0),
(129, 'Manage Author', NULL, 'manage_libauthor', 127, 1, 0, 0),
(130, 'Manage Publications', NULL, 'manage_libpublication', 127, 1, 0, 0),
(131, 'Manage Books', NULL, 'manage_libbook', 127, 1, 0, 0),
(132, 'Manage Booking', NULL, 'manage_libbooking', 127, 1, 0, 0),
(133, 'Manage Book reports', NULL, 'manage_libreports', 127, 1, 0, 0),
(134, 'Manage Expenses', 0, 'generate_result ', 0, 1, 0, 0),
(135, 'Manage Bank', 168, 'manage_masterbank', 134, 1, 0, 0),
(136, 'Expenses Category', 178, 'manage_expcategory', 134, 1, 0, 0),
(137, 'Manage Expenses', 183, 'manage_expenses', 134, 1, 0, 0),
(138, 'Pay Expenses', 188, 'manage_exppayment', 134, 1, 0, 0),
(139, 'Expense Report', 186, 'manage_expreport', 134, 1, 0, 0),
(140, 'Generate Result ', NULL, NULL, 13, 1, 0, 0),
(141, 'Report Card Section', NULL, 'manage_report_card_section', 13, 1, 0, 0);

-- --------------------------------------------------------

--
-- Table structure for table `parents`
--

CREATE TABLE IF NOT EXISTS `parents` (
  `id` int(11) NOT NULL AUTO_INCREMENT,
  `Username` varchar(200) NOT NULL,
  `title` varchar(45) DEFAULT NULL,
  `firstname` varchar(45) DEFAULT NULL,
  `middlename` varchar(45) DEFAULT NULL,
  `lastname` varchar(45) DEFAULT NULL,
  `gender` varchar(45) DEFAULT NULL,
  `dob` date DEFAULT NULL,
  `photo` varchar(45) DEFAULT NULL,
  `primary_email` varchar(200) DEFAULT NULL,
  `alternate_email` varchar(200) DEFAULT NULL,
  `religion` varchar(45) DEFAULT NULL,
  `occupation` varchar(45) DEFAULT NULL,
  `maritalstatus` varchar(45) DEFAULT NULL,
  `mobile_phone` varchar(45) DEFAULT NULL,
  `home_phone` varchar(45) DEFAULT NULL,
  `address1` varchar(200) DEFAULT NULL,
  `address2` varchar(200) DEFAULT NULL,
  `city` varchar(45) DEFAULT NULL,
  `state` varchar(45) DEFAULT NULL,
  `lga` varchar(45) DEFAULT NULL,
  `country` varchar(45) DEFAULT NULL,
  `zip` varchar(45) DEFAULT NULL,
  `type` enum('P','S') DEFAULT NULL,
  `status` int(1) DEFAULT '1',
  `createdby` int(11) DEFAULT NULL,
  `modifiedby` int(11) DEFAULT NULL,
  `createddate` datetime DEFAULT NULL,
  `modifieddate` datetime DEFAULT NULL,
  `deleted` int(1) DEFAULT '0',
  `approved` varchar(45) DEFAULT NULL,
  `approvedby` int(11) DEFAULT NULL,
  `loginid` int(11) NOT NULL,
  PRIMARY KEY (`id`)
) ENGINE=MyISAM  DEFAULT CHARSET=latin1 AUTO_INCREMENT=154 ;

--
-- Dumping data for table `parents`
--

INSERT INTO `parents` (`id`, `Username`, `title`, `firstname`, `middlename`, `lastname`, `gender`, `dob`, `photo`, `primary_email`, `alternate_email`, `religion`, `occupation`, `maritalstatus`, `mobile_phone`, `home_phone`, `address1`, `address2`, `city`, `state`, `lga`, `country`, `zip`, `type`, `status`, `createdby`, `modifiedby`, `createddate`, `modifieddate`, `deleted`, `approved`, `approvedby`, `loginid`) VALUES
(1, 'parents', 'Mr', 'First', 'Mid', 'Last', 'male', '2009-01-05', NULL, '', '', 'BUDDHIST', NULL, 'Divorced', '456456554', '54645645', '', '', 'City', 'KS', NULL, '231', NULL, NULL, 1, 1, 1, '2016-02-07 20:31:32', '2016-02-23 09:09:09', 1, '1', 1, 0),
(2, 'parent', 'Miss', 'parents', 'parents', 'parents', 'male', '2016-02-15', NULL, 'as@asa.cd', 'asas@aasas.cd', 'BUDDHIST', NULL, 'Divorced', '123123123', '213213213', 'address1', 'adrres2', 'city', 'KY', NULL, '160', NULL, NULL, 1, 5, 1, '2016-02-14 18:06:41', '2016-02-23 09:09:13', 1, '1', 1, 0),
(3, 'jainp', 'Miss', 'jainp', 'jainp', 'jainp', 'male', '2016-02-01', NULL, '', '', 'BUDDHIST', NULL, 'Divorced', '', '', '', '', '', '', NULL, '', NULL, NULL, 1, 10, 1, '2016-02-21 14:55:01', '2016-02-23 09:09:11', 1, '1', 10, 0),
(4, 'Abimbola1', 'Mr', 'Abimbola', 'Abimbola', 'Abimbola', 'male', '2016-02-05', NULL, 'gettotima@yahoo.com', '', 'CHRISTIAN', NULL, 'Married', '08033494631', '08039229990	', '12 Oseni close off Modupe Johnson, Adeniran Ogunsanya	Surulere Lagos', '', 'Lagos', '', NULL, '160', NULL, NULL, 1, 35, 25, '2016-02-24 15:55:51', '2016-03-22 07:55:55', 0, '1', 35, 0),
(5, 'Aboshi-Adi2', 'Mr', 'Aboshi-Adi', 'Aboshi-Adi', 'Aboshi-Adi', 'male', '2016-02-11', NULL, 'queenannie16@yahoo.com', '', 'CHRISTIAN', NULL, 'Married', '08034581236', '08030498889', '15, Alhaji Salami Street, Off Brown Road, Surulere, Lagos', '', 'Lagos', '', NULL, '160', NULL, NULL, 1, 35, 35, '2016-02-24 16:01:28', '2016-02-24 16:03:41', 0, '1', 35, 0),
(6, 'Adeniran3', 'Mr', 'Adeniran', 'Adeniran ', 'Ogunsanya', 'male', '2016-02-12', NULL, 'yemi_124@yahoo.co.uk', '', 'CHRISTIAN', NULL, 'Married', '08039005349', '08033004792', '33a Bode Thomas Street, Surulere, Lagos', '', 'Lagos', '', NULL, '160', NULL, NULL, 1, 35, 35, '2016-02-24 16:06:46', '2016-02-24 16:10:56', 0, '1', 35, 0),
(7, 'Adeyemi4', 'Mr', 'Adeyemi', 'Adeyemi', 'Adeyemi', 'male', '2016-02-02', NULL, '', '', 'CHRISTIAN', NULL, 'Married', '', '', '', '', 'Lagos', '', NULL, '160', NULL, NULL, 1, 35, 35, '2016-02-24 16:16:48', '2016-02-24 16:16:58', 0, '1', 35, 0),
(8, 'Adino5', 'Mr', 'Tochukwu', 'Tochukwu', 'Adino', 'male', '2016-02-10', NULL, 'tochukwuadino@yhaoo.com', '', 'CHRISTIAN', NULL, 'Married', '08033012783', '', '', '', 'Lagos', 'ANAMBRA', 'ANAMBRA EAST', '160', NULL, NULL, 1, 35, 25, '2016-02-24 16:24:12', '2016-02-26 09:56:14', 0, '1', 35, 0),
(9, 'Felix6', 'Mr', 'Felix', 'Felix', 'Ahaneku', 'male', '2016-02-18', NULL, 'felix-lodge@yahoo.com', 'chimakh2006@yahoo.com', 'CHRISTIAN', NULL, 'Married', '08090649501', '07035070398', '17A, Imam Dauda Street, Off Eric Moore Road, Surulere Lagos', '', 'Lagos', '', NULL, '160', NULL, NULL, 1, 35, 35, '2016-02-24 16:29:28', '2016-02-24 16:29:40', 0, '1', 35, 0),
(10, 'Ahidjo7', 'Mr', 'Ahidjo', 'Ahidjo', 'Ahidjo', 'male', '2016-02-12', NULL, 'michelleahidjo@gmail.com', '', 'CHRISTIAN', NULL, 'Single', '08038745076', '08036140702', '7, Adedamola Ojomo Close Surulere Lagos', '', 'Lagos', '', NULL, '160', NULL, NULL, 1, 35, 35, '2016-02-24 16:33:34', '2016-02-24 16:34:59', 0, '1', 35, 0),
(11, 'Ajulu8', 'Mr', 'Ajulu', 'Ajulu', 'Ajulu', 'male', '2016-02-10', NULL, 'ugochukwuajulu@yahoo.com', 'umo_asindi@yahoo.com', 'CHRISTIAN', NULL, 'Single', '08027621647', '08028144034', '22 Bode Thomas, Surulere, Lagos', '', 'Lagos', '', NULL, '160', NULL, NULL, 1, 35, 35, '2016-02-24 16:37:56', '2016-02-24 16:38:03', 0, '1', 35, 0),
(12, 'Akolade9', 'Mr', 'Akolade', 'Akolade', 'Akolade', 'male', '2016-02-12', NULL, 'akeematnassar@yahoo.com', '', 'MUSLIM', NULL, 'Married', '0810674322', '08052508679', '110, Brickfield Street, Ebutte-Metta Lagos 	', '', 'Lagos', '', NULL, '160', NULL, NULL, 1, 35, 35, '2016-02-24 16:42:00', '2016-02-24 16:42:09', 0, '1', 35, 0),
(13, 'Akpene10', 'Mr', 'Akpene', 'Akpene', 'Akpene', 'male', '2016-02-18', NULL, 'shanwakpene@gmail.com', 'matebun2006@yahoo.com', 'CHRISTIAN', NULL, 'Married', '08059189329', '08077706000', '13, Murtala Animashaun Street Surulere Lagos	', '', 'Lagos', '', NULL, '160', NULL, NULL, 1, 35, 35, '2016-02-24 16:45:41', '2016-02-24 16:45:51', 0, '1', 35, 0),
(14, 'Lekan11', 'Mr', 'Hakeem', 'Lekan', 'Alli-Balogun', 'male', '2016-02-02', NULL, 'allibaloo@yahoo.com', 'topesanusi@yahoo.com', 'MUSLIM', NULL, 'Married', '08035962190', '08033225943', '30, Oyegunwa Street, Ladipo, Oshodi, Lagos', '', 'Lagos', '', NULL, '160', NULL, NULL, 1, 35, 35, '2016-02-24 16:50:50', '2016-02-24 16:51:06', 0, '1', 35, 0),
(15, 'Amu12', 'Mr', 'Amu', 'Amu', 'Amu', 'male', '2016-02-09', NULL, '', '', 'MUSLIM', NULL, 'Married', '', '', '47, Agboyin Avenue, Off Adelabu Street, Surulere, Lagos', '', 'Lagos', '', NULL, '160', NULL, NULL, 1, 35, 35, '2016-02-24 16:54:23', '2016-02-24 16:54:27', 0, '1', 35, 0),
(16, 'Anyanwu13', 'Mr', 'Anyanwu', 'Anyanwu', 'Anyanwu', 'male', '2016-02-09', NULL, 'ngpristine@yahoo.com', '', 'CHRISTIAN', NULL, 'Married', '0803442796', '08060108685', 'No, 88 Odogbolu street, off adetola Rd, Aguda Surulere Lagos	', '', 'Lagos', '', NULL, '160', NULL, NULL, 1, 35, 35, '2016-02-24 16:57:08', '2016-02-24 16:57:15', 0, '1', 35, 0),
(17, 'Atugbokoh14', 'Mr', 'Atugbokoh', 'Atugbokoh', 'Atugbokoh', 'male', '2016-02-03', NULL, 'atugbokohuzo@yahoo.com', 'amra4ever2000@yahoo.com', 'BUDDHIST', NULL, 'Married', '08027177777', '08028253662	', '25, Sam Shonibare Street,  off Ogunlana Drive, Surulere Lagos', '', 'Lagos', '', NULL, '160', NULL, NULL, 1, 35, 35, '2016-02-24 17:01:40', '2016-02-24 17:01:51', 0, '1', 35, 0),
(18, 'Awe-Kolade15', 'Mr', 'Awe-Kolade', 'Awe-Kolade', 'Awe-Kolade', 'male', '2016-02-15', NULL, 'awekolade@yahoo.com', 'ifedun@gmail.com', 'CHRISTIAN', NULL, 'Married', '08034426638', '07038871837', '39, Thomas Animashaun Strret, Aguda, Surulere, Lagos', '', 'Lagos', '', NULL, '160', NULL, NULL, 1, 35, 35, '2016-02-24 17:04:31', '2016-02-24 17:05:28', 0, '1', 35, 0),
(19, 'Ayo-Ayotade16', 'Mr', 'Ayo-Ayotade', 'Ayo-Ayotade', 'Ayo-Ayotade', 'male', '2016-02-03', NULL, 'ayorinde.ayotade@firstcitygroup.com', 'neodeo2003@yahoo.com', 'CHRISTIAN', NULL, 'Married', '08035720139', '08082000022', 'Plot 32, Chief Natufe  Off Babs Animashaun Surulere Lagos ', '', 'Lagos', '', NULL, '160', NULL, NULL, 1, 35, 35, '2016-02-24 17:12:37', '2016-02-24 17:14:22', 0, '1', 35, 0),
(20, 'Balogun17', 'Mr', 'Balogun', 'Balogun', 'Balogun', 'male', '2016-02-04', NULL, 'iyabodebashiru@gmail.com', '', 'CHRISTIAN', NULL, 'Married', '08101048272', '08037261345', '4, Adekunle Kuye, Surulere, Lagos', '', 'Lagos', '', NULL, '160', NULL, NULL, 1, 35, 35, '2016-02-24 17:18:26', '2016-02-24 17:19:14', 0, '1', 35, 0),
(21, 'Oladapo18', 'Mr', 'Oladapo', 'Balogun', 'Balogun', 'male', '2016-02-02', NULL, 'komeko2000@yahoo.com', 'dahrat2000@yahoo.com', 'CHRISTIAN', NULL, 'Married', '08023240772', '+19135599350', '5, Kehinde, Street, Off Adetola, Aguda, Surulere, Lagos', '', 'Lagos', '', NULL, '160', NULL, NULL, 1, 35, 35, '2016-02-24 17:23:34', '2016-02-24 17:25:10', 0, '1', 35, 0),
(22, 'Danmole19', 'Mr', 'Danmole', 'Danmole', 'Danmole', 'male', '2016-02-02', NULL, '', '', 'CHRISTIAN', NULL, 'Married', '08024228054', '07036105595', 'Block 5, Flat 3, Iponri Housing Estate, Surulere, Lagos', '', 'Lagos', '', NULL, '160', NULL, NULL, 1, 35, 35, '2016-02-24 17:30:56', '2016-02-24 17:31:06', 0, '1', 35, 0),
(23, 'Edokpolor20', 'Mr', 'Edokpolor', 'Edokpolor', 'Edokpolor', 'male', '2016-02-01', NULL, 'adeluv2001@me.com', 'muyi-etc@yahoo.com', 'CHRISTIAN', NULL, 'Married', '07033764789', '08030911511', '56 Abosede Kuboye Crescent, Off Imam Dauda Eric Moore Surulere Lagos', '', 'Lagos', 'LAGOS', 'LAGOS ISLAND', '160', NULL, NULL, 1, 25, 25, '2016-02-25 08:56:59', '2016-02-25 08:57:16', 0, '1', 25, 0),
(24, 'Egwu21', 'Mr', 'Emmanuel', 'Inya', 'Egwu', 'male', '2016-02-01', NULL, 'blessineegwu@gmail.com', '', 'CHRISTIAN', NULL, 'Married', '08036430407', '08063389558', '37, Dipo Olubi Street, Off Oduduwa Road, By Raimi Street, Surulere, Lagos', '', 'Lagos', 'LAGOS', 'LAGOS MAINLAND', '160', NULL, NULL, 1, 25, 25, '2016-02-25 09:04:15', '2016-02-25 09:05:02', 0, '1', 25, 0),
(25, 'Elulade22', 'Mr', 'Olufunsho', 'Elulade', 'Elulade', 'male', '2016-02-02', NULL, 'lolarshon1@gmail.com', '', 'CHRISTIAN', NULL, 'Married', '08100000727', '08029447889', '6, Ramlatinson Street, Off Adebola Ojomo, Aguda, Surulere Lagos', '', 'Lagos', 'LAGOS', 'LAGOS MAINLAND', '160', NULL, NULL, 1, 25, 25, '2016-02-25 09:09:40', '2016-02-25 09:10:15', 0, '1', 25, 0),
(26, 'Evbodaghe23', 'Mr', 'Evbodaghe', 'Evbodaghe', 'Evbodaghe', 'male', '2016-02-09', NULL, 'arnold.evbodaghe@gmail.com', 'onre.erhiwha@gmail.com', 'CHRISTIAN', NULL, 'Married', '09091988159', '08053240267', '10, Oyediran Street, off Bode Thomas Surulere Lagos	\r\n', '', 'Lagos', 'LAGOS', 'LAGOS MAINLAND', '160', NULL, NULL, 1, 25, 25, '2016-02-25 09:14:48', '2016-02-25 09:15:48', 0, '1', 25, 0),
(27, 'Ezeana24', 'Mr', 'Ezeana', 'Ezeana', 'Ezeana', 'male', '2016-02-02', NULL, 'engrteecee@yahoo.com', 'akaeze.jane@yahoo.com', 'BUDDHIST', NULL, 'Married', '08060528256', '08038350142', '1 Efutide Str, off Brown Road Surulere Lagos', '', 'Lagos', 'LAGOS', 'LAGOS MAINLAND', '160', NULL, NULL, 1, 25, 25, '2016-02-25 09:21:45', '2016-02-25 09:21:55', 0, '1', 25, 0),
(28, 'Ezeasor25', 'Mr', 'Ezeasor', 'Ezeasor', 'Ezeasor', 'male', '2016-02-03', NULL, 'chibuzor.ezeasor@hotmail.com', 'adeezeasor@gmail.com', 'CHRISTIAN', NULL, 'Married', '08034046519', '08033341547	', '1B William Close, off Adenuga Street, Aguda', '', 'Lagos', 'LAGOS', 'LAGOS MAINLAND', '160', NULL, NULL, 1, 25, 25, '2016-02-25 09:29:02', '2016-02-25 09:29:21', 0, '1', 25, 0),
(29, 'Habib26', 'Mr', 'Habib', 'Habib', 'Habib', 'male', '2016-03-04', NULL, 'daviesolabowale@yahoo.com', '', 'MUSLIM', NULL, 'Married', '08097357136', '08023189224', '193 Babs-Animashaun, Off Bode Thomas, Surulere, Lagos	', '', 'Lagos', 'LAGOS', 'LAGOS ISLAND', '160', NULL, NULL, 1, 25, 25, '2016-02-25 09:35:34', '2016-02-25 09:35:49', 0, '1', 25, 0),
(30, 'Hemeson27', 'Mr', 'Hemeson', 'Hemeson', 'Hemeson', 'male', '2016-02-02', NULL, '', '', 'CHRISTIAN', NULL, 'Married', '08076306864', '07068765968', 'Flat 7, 13 Yisa Braimoh Close, Williams Street, Surulere Lagos', '', 'Lagos', 'LAGOS', 'LAGOS ISLAND', '160', NULL, NULL, 1, 25, 25, '2016-02-25 09:39:56', '2016-02-25 09:40:08', 0, '1', 25, 0),
(31, 'Ibok28', 'Mr', 'Ibok', 'Ibok', 'Ibok', 'male', '2016-02-02', NULL, 'amaka-vera2005@yahoo.com', 'nabsadams@yahoo.com', 'CHRISTIAN', NULL, 'Married', '08033201520 ', '08033239075', '52, Raifu Williams off Adelabu, Surulere, Lagos\r\n', '', 'Lagos', 'LAGOS', 'LAGOS ISLAND', '160', NULL, NULL, 1, 25, 25, '2016-02-25 09:57:14', '2016-02-25 09:58:27', 0, '1', 25, 0),
(32, 'Idahosa29', 'Mr', 'Idahosa', 'Idahosa', 'Idahosa', 'male', '2016-02-09', NULL, 'mudiang@yahoo.com', '', 'CHRISTIAN', NULL, 'Married', '08035920160', '08033833060	', 'No 103 Adebola Str, off adeniran Ogunsanya Surulere Lagos', '', 'Lagos', 'LAGOS', 'LAGOS MAINLAND', '160', NULL, NULL, 1, 25, 25, '2016-02-25 15:02:50', '2016-02-25 15:03:02', 0, '1', 25, 0),
(33, 'Ihiekwe30', 'Mr', 'Ihiekwe', 'Ihiekwe', 'Ihiekwe', 'male', '2016-02-10', NULL, 'joeihiekwe@hotmail.com', 'kcuzoma@hotmail.com', 'CHRISTIAN', NULL, 'Married', '07034053412', '+447423202362', 'No 19 Animashaun street, off Bode Thomas, Surulere, Lagos.', '', 'Lagos', 'LAGOS', 'LAGOS ISLAND', '160', NULL, NULL, 1, 25, 25, '2016-02-25 15:07:52', '2016-02-25 15:08:38', 0, '1', 25, 0),
(34, 'Iman31', 'Mr', 'Iman', 'Iman', 'Iman', 'male', '2016-02-10', NULL, 'amina.issu@gmail.com', 'oaromokun@gmail.com', 'MUSLIM', NULL, 'Married', '08034259849', '08022226711', '15, Somosu street, Aguda, Lagos', '', '', 'LAGOS', 'LAGOS MAINLAND', '160', NULL, NULL, 1, 25, 25, '2016-02-25 15:16:18', '2016-02-25 15:16:37', 0, '1', 25, 0),
(35, 'Jema32', 'Mr', 'Jema', 'Jema', 'Jema', 'male', '2016-02-03', NULL, 'akjema@gmail.com', '', 'CHRISTIAN', NULL, 'Married', '08166681628', '', '27 Ameen Street Abule Oja, Yaba Lagos', '', '', 'LAGOS', 'LAGOS ISLAND', '160', NULL, NULL, 1, 25, 25, '2016-02-25 15:26:12', '2016-02-25 15:26:32', 0, '1', 25, 0),
(36, 'JohnPhillips33', 'Mr', 'John 	Phillips', 'John 	Phillips', 'John 	Phillips', 'male', '2016-02-04', NULL, 'touteeuk@yahoo.co.uk', 'theo.johnphillips@gmail.com', 'CHRISTIAN', NULL, 'Married', '08022228335', '08029998335', '7 Bola Shadipe Street, Off Adelabu  Surulere Lagos', '', '', 'LAGOS', 'LAGOS MAINLAND', '160', NULL, NULL, 1, 25, 25, '2016-02-25 15:33:12', '2016-02-25 15:33:33', 0, '1', 25, 0),
(37, 'Kayode34', 'Mr', 'Kayode', 'Kayode', 'Kayode', 'male', '2016-02-10', NULL, 'tope.kayode@gmail.com', 'folvkeajay@yahoo.com', 'CHRISTIAN', NULL, 'Married', '08023609605', '08023770322', '23, Sam Shonibare Str, Ogunlana drive Surulere Lagos', '', '', 'LAGOS', 'LAGOS MAINLAND', '160', NULL, NULL, 1, 25, 25, '2016-02-25 15:37:16', '2016-02-25 15:37:30', 0, '1', 25, 0),
(38, 'Kodaolu35', 'Mr', 'Kodaolu', 'Kodaolu', 'Kodaolu', 'male', '2016-02-10', NULL, 'tobi_kodaolu@yahoo.com', 'feyionabanjo@yahoo.com', 'CHRISTIAN', NULL, 'Married', '08059343858', '08055349059	', '44, Itolo Street, Off Eric Moore road, Surulere, Lagos', '', '', 'LAGOS', 'LAGOS ISLAND', '160', NULL, NULL, 1, 25, 25, '2016-02-25 15:43:49', '2016-02-25 15:44:46', 0, '1', 25, 0),
(39, 'Kowobari36', 'Mr', 'Kowobari', 'Kowobari', 'Kowobari', 'male', '2016-02-20', NULL, 'tboszz@yahoo.co.uk', '', 'CHRISTIAN', NULL, 'Married', '08025020056', '0708406444', '5 Funsho Ajayi Aguda Surulere Lagos  ', '', '', 'LAGOS', 'LAGOS ISLAND', '160', NULL, NULL, 1, 25, 25, '2016-02-25 15:48:13', '2016-02-25 15:49:01', 0, '1', 25, 0),
(40, 'Lawal37', 'Mr', 'Musiliu', 'Musiliu', 'Lawal', 'male', '2016-02-09', NULL, 'muslaknigent@yahoo.com', '', 'MUSLIM', NULL, 'Married', '08035790897', '08037227103	', 'No 5, Olaseni Diyaolu street, off Ikene street, Surulere, Lagos', '', '', 'LAGOS', 'LAGOS ISLAND', '160', NULL, NULL, 1, 25, 25, '2016-02-25 15:53:53', '2016-02-25 15:54:14', 0, '1', 25, 0),
(41, 'Lecky38', 'Mr', 'Lecky', 'Lecky', 'Lecky', 'male', '2016-02-03', NULL, 'maslecky@yahoo.com', 'nozowa@yahoo.com', 'CHRISTIAN', NULL, 'Married', '08023338170', '08093757836', '68, Randle Avenue, Surulere, Lagos', '', '', 'LAGOS', 'LAGOS MAINLAND', '160', NULL, NULL, 1, 25, 25, '2016-02-25 15:59:39', '2016-02-25 16:00:00', 0, '1', 25, 0),
(42, 'Maduka39', 'Mr', 'Maduka', 'Maduka', 'Maduka', 'male', '2016-02-09', NULL, 'chivim2000@yahoo.com', 'chuksm2000@yahoo.com', 'CHRISTIAN', NULL, 'Married', '08033601889', '08033405589	', '28 Mercy Eneli Street, off Masha Surulere Lagos', '', '', 'LAGOS', 'LAGOS ISLAND', '160', NULL, NULL, 1, 25, 25, '2016-02-25 16:04:08', '2016-02-25 16:04:51', 0, '1', 25, 0),
(43, 'Mogor40', 'Mr', 'Mogor', 'Mogor', 'Mogor', 'male', '2016-02-03', NULL, 'moosolicitors@gmail.com', 'unoaku@yahoo.com', 'CHRISTIAN', NULL, 'Married', '08033231835', '08023149592	', '1, Aibu Street off Bode Thomas Surulere, Lagos', '', '', 'LAGOS', 'LAGOS ISLAND', '160', NULL, NULL, 1, 25, 25, '2016-02-25 20:48:59', '2016-02-25 20:49:32', 0, '1', 25, 0),
(44, 'Momodu41', 'Mr', 'Khalid', 'Khalid', 'Momodu', 'male', '2016-02-16', NULL, 'khalid_momodu@yahoo.co.uk', 'ifmomodu@gmail.com', 'CHRISTIAN', NULL, 'Married', '07034153799', '', '19, Animashaun Street, Off Bode Thomas, Surulere, Lagos', '', '', 'LAGOS', 'LAGOS ISLAND', '160', NULL, NULL, 1, 25, 25, '2016-02-25 20:55:52', '2016-02-25 20:57:17', 0, '1', 25, 0),
(45, 'Nwafor42', 'Mr', 'Nwafor', 'Nwafor', 'Nwafor', 'male', '2016-02-17', NULL, 'stellanwafor2000@yahoo.com', 'nmekusnov@yahoo.com', 'CHRISTIAN', NULL, 'Married', '07056854934', '08023351921', '3/5 Adebisi Street (Jacob Mew''s Estate) off  Herbert Macaulay Way,Yaba, Lagos.', '', '', 'LAGOS', 'LAGOS ISLAND', '160', NULL, NULL, 1, 25, 25, '2016-02-25 20:59:54', '2016-02-25 21:00:01', 0, '1', 25, 0),
(46, 'Nwaka43', 'Mr', 'Nwaka', 'Nwaka', 'Nwaka', 'male', '2016-02-23', NULL, 'nneka.nwaka@yahoo.com', 'nwakaikenna@gmail.com', 'CHRISTIAN', NULL, 'Married', '08184824841', '08098609839	', '61A Odejayi Crescent, off Akinhanmhi Str, Surulere', '', '', 'LAGOS', 'LAGOS ISLAND', '160', NULL, NULL, 1, 25, 25, '2016-02-25 21:10:01', '2016-02-25 21:10:43', 0, '1', 25, 0),
(47, 'Nwali44', 'Mr', 'Nwali', 'Nwali', 'Nwali', 'male', '2016-02-10', NULL, 'augustigbokidi@yahoo.com', 'iyenwali@yahoo.com', 'CHRISTIAN', NULL, 'Married', '08037425651', '07064055151', '6, Calabar Street, Surulere, Lagos', '', '', 'LAGOS', 'LAGOS ISLAND', '160', NULL, NULL, 1, 25, 25, '2016-02-25 21:13:17', '2016-02-25 21:13:29', 0, '1', 25, 0),
(48, 'Nwanjoku45', 'Mr', 'Nwanjoku', 'Nwanjoku', 'Nwanjoku', 'male', '2016-02-16', NULL, 'sallyride56@yahoo.com', 'ugonsola@gmail.com', 'CHRISTIAN', NULL, 'Married', '0802597364', '08060085545', 'R3 Royal Estate, Phase 1 Surulere, Lagos.', '', '', 'LAGOS', 'LAGOS MAINLAND', '160', NULL, NULL, 1, 25, 25, '2016-02-25 21:17:11', '2016-02-25 21:18:14', 0, '1', 25, 0),
(49, 'Nwoye46', 'Mr', 'Oliseh', 'Oliseh', 'Nwoye', 'male', '2016-02-17', NULL, '', '', 'CHRISTIAN', NULL, 'Married', '08039532253', '08038742924', '19, Alhaji Salami Street, Aguda, Surulere, Lagos', '', '', 'LAGOS', 'LAGOS ISLAND', '160', NULL, NULL, 1, 25, 25, '2016-02-25 21:20:09', '2016-02-25 21:20:47', 0, '1', 25, 0),
(50, 'Obasuyi47', 'Mr', 'Obasuyi', 'Obasuyi', 'Obasuyi', 'male', '2016-02-18', NULL, 'ade14-4e@yahoo.com', '', 'CHRISTIAN', NULL, 'Married', '08033576346', '08032473001	', '16 Redemption C/S, Off Ilamoye Surulere Lagos', '', '', 'LAGOS', 'LAGOS ISLAND', '160', NULL, NULL, 1, 25, 25, '2016-02-25 21:24:36', '2016-02-25 21:24:53', 0, '1', 25, 0),
(51, 'Obiora48', 'Mr', 'Gerald', 'Gerald', 'Obiora', 'male', '2016-02-09', NULL, 'gerhuntelaar@gmail.com', 'anaradolll@yahoo.co.uk', 'CHRISTIAN', NULL, 'Married', '08072713203', '08035445010', '5, Adebisi Close, Off Ajao Road, Surulere, Lagos', '', '', 'LAGOS', 'LAGOS MAINLAND', '160', NULL, NULL, 1, 25, 25, '2016-02-25 21:31:40', '2016-02-25 21:33:32', 0, '1', 25, 0),
(52, 'Ochiagha49', 'Mr', 'Ochiagha', 'Ochiagha', 'Ochiagha', 'male', '2016-02-04', NULL, 'chikwue@yahoo.co.uk', '', 'CHRISTIAN', NULL, 'Married', '08034309588', '', 'Plot 50 Bosede Kuboye crescent Surulere Lagos', '', '', 'LAGOS', 'LAGOS MAINLAND', '160', NULL, NULL, 1, 25, 25, '2016-02-25 21:36:20', '2016-02-25 21:36:59', 0, '1', 25, 0),
(53, 'Ogbeide-odiana', 'Mr', 'Kingsley', 'K', 'Ogbeide-Odiana', 'male', '2016-02-09', NULL, 'ekwi.odiana@gmail.comg.com', '', 'CHRISTIAN', NULL, 'Married', '08033049592', '08023254129', '30 Certis Adeniyi Jones, Close, Surulere Lagos', '', '', 'LAGOS', 'LAGOS MAINLAND', '160', NULL, NULL, 1, 25, 25, '2016-02-25 22:12:31', '2016-05-07 16:00:09', 0, '1', 25, 0),
(54, 'Odiana51', 'Mr', 'Odiana', 'Odiana', 'Odiana', 'male', '2016-02-03', NULL, 'teetee2001ng@yahoo.com', '', 'CHRISTIAN', NULL, 'Married', '08084951029', '07059511116', '23, Sam Shonibare Off Ogunlana Drive	Surulere Lagos', '', '', 'LAGOS', 'LAGOS ISLAND', '160', NULL, NULL, 1, 25, 25, '2016-02-25 22:20:59', '2016-02-25 22:22:02', 0, '1', 25, 0),
(55, 'Odogwu52', 'Mr', 'Emeka', 'Odogwu', 'Odogwu', 'male', '2016-02-04', NULL, 'medolion@yahoo.com', 'winneikpatt@yahoo.com', 'CHRISTIAN', NULL, 'Married', '07068762988', '08090490914', 'Block 159, Flat 4, LSDPC Housing Estate, Surulere, Lagos.', '', '', 'LAGOS', 'LAGOS ISLAND', '160', NULL, NULL, 1, 25, 25, '2016-02-25 22:26:39', '2016-02-25 22:27:05', 0, '1', 25, 0),
(56, 'Odumah53', 'Mr', 'Odumah', 'Odumah', 'Odumah', 'male', '2016-02-11', NULL, 'bolamanda@yahoo.co.uk', 'basilodumah@yahoo.com', 'CHRISTIAN', NULL, 'Married', '0802314525', '08023077352', '37 Godwin Okigbo str, Surulere Lagos', '', '', 'LAGOS', 'LAGOS ISLAND', '160', NULL, NULL, 1, 25, 25, '2016-02-25 22:31:10', '2016-02-25 22:32:06', 0, '1', 25, 0),
(57, 'Odunlami54', 'Mr', 'Oluwatosin', 'Oluwatosin', 'Odunlami', 'male', '2016-02-10', NULL, 'tosinis@gmail.com', 'moniba_is@yahoo.com', 'CHRISTIAN', NULL, 'Married', '08023273596', '08023175925', '2nd Floor, Mbanugo Street, Ikate, Surulere, Lagos', '', '', 'LAGOS', 'LAGOS ISLAND', '160', NULL, NULL, 1, 25, 25, '2016-02-25 22:34:55', '2016-02-25 22:36:05', 0, '1', 25, 0),
(58, 'Oduopara55', 'Mr', 'Oduopara', 'Oduopara', 'Oduopara', 'male', '2016-02-03', NULL, 'doduopara@yahoo.com', 'boduopara@gmail.com', 'CHRISTIAN', NULL, 'Married', '08038249907', '08037267237', '63 Thomas Animashaun Str, Aguda Surulere Lagos 	\r\n', '', '', 'LAGOS', 'LAGOS ISLAND', '160', NULL, NULL, 1, 25, 25, '2016-02-25 22:38:59', '2016-02-25 22:39:54', 0, '1', 25, 0),
(59, 'Ofili56', 'Mr', 'Ofili', 'Ofili', 'Ofili', 'male', '2016-02-09', NULL, 'chudi.ofili@gmail.com', '', 'CHRISTIAN', NULL, 'Married', '08034437305', '08180880828', '21, Ikechukwu Ohaneka Street, Off Cement Bus Stop Okota,  Lagos', '', '', 'LAGOS', 'LAGOS ISLAND', '160', NULL, NULL, 1, 25, 25, '2016-02-25 22:42:32', '2016-02-25 22:42:48', 0, '1', 25, 0),
(60, 'micheal.ofili57', 'Mr', 'Ofili', 'Ofili', 'Ofili', 'male', '2016-02-23', NULL, 'ofili.micheal@mail.com', 'ofili.bridget@gmail.com', 'CHRISTIAN', NULL, 'Married', '07040960006', '08033578262', '24th Akinsulire Aguda, Surelere, Lagos\r\n', '', '', 'LAGOS', 'LAGOS ISLAND', '160', NULL, NULL, 1, 25, 25, '2016-02-25 22:48:19', '2016-02-25 22:49:05', 0, '1', 25, 0),
(61, 'Ofoegbu58', 'Mr', 'Ofoegbu', 'Ofoegbu', 'Ofoegbu', 'male', '2016-02-17', NULL, 'ninaani2000@yahoo.com', '', 'CHRISTIAN', NULL, 'Married', '08023059409', '08033071251	', '44 Nuru-Oniwo Street Aguda Surulere Lagos', '', '', 'LAGOS', 'LAGOS ISLAND', '160', NULL, NULL, 1, 25, 25, '2016-02-25 22:53:45', '2016-02-25 22:54:48', 0, '1', 25, 0),
(62, 'Ofuani59', 'Mr', 'Ikechukwu', 'Ikechukwu', 'Ofuani', 'male', '2016-02-17', NULL, 'iofuani@gmail.com', 'eofuani@gmail.com', 'CHRISTIAN', NULL, 'Married', '08033114442', '08035399473	', '16, Muniru Baruwa Street, Off Cole Street, Lawanson, Lagos', '', '', 'LAGOS', 'LAGOS ISLAND', '160', NULL, NULL, 1, 25, 25, '2016-02-25 22:59:14', '2016-02-25 23:00:18', 0, '1', 25, 0),
(63, 'Oginni60', 'Mr', 'Oginni', 'Oginni', 'Oginni', 'male', '2016-02-16', NULL, 'tomideoginni@yahoo.com', 'odiriodiete@gmail.com', 'CHRISTIAN', NULL, 'Married', '07034136059', '07033923472', '17, Nuru Oniwo Street, Surulere Lagos', '', '', 'LAGOS', 'LAGOS MAINLAND', '160', NULL, NULL, 1, 25, 25, '2016-02-25 23:05:06', '2016-02-25 23:05:49', 0, '1', 25, 0),
(64, 'Okafor61', 'Mr', 'Okafor', 'Okafor', 'Okafor', 'male', '2016-02-23', NULL, 'leokafor@hotmail.com', 'onyiokafor@ymail.com', 'CHRISTIAN', NULL, 'Married', '08062797630', '08062797630	', '6 Afric road, Iponri Lagos', '', '', 'LAGOS', 'LAGOS ISLAND', '160', NULL, NULL, 1, 25, 25, '2016-02-25 23:14:59', '2016-02-25 23:15:53', 0, '1', 25, 0),
(65, 'Okani62', 'Mr', 'Okani', 'Okani', 'Okani', 'male', '2016-02-16', NULL, 'markpharmltd@yahoo.com', '', 'CHRISTIAN', NULL, 'Married', '08036999680', '08033349224', 'C4, Royal Estate, Phase 11, Game Village Eric-Moore Surulere Lagos', '', '', 'LAGOS', 'LAGOS ISLAND', '160', NULL, NULL, 1, 25, 25, '2016-02-25 23:19:15', '2016-02-25 23:19:46', 0, '1', 25, 0),
(66, 'Okaro63', 'Mr', 'Okaro', 'Okaro', 'Okaro', 'male', '2016-02-18', NULL, '', '', 'CHRISTIAN', NULL, 'Married', '08034772126', '07036349606', '17, Bishop Street by Fasoro, Surulere, Lagos ', '', '', 'LAGOS', 'LAGOS ISLAND', '160', NULL, NULL, 1, 25, 25, '2016-02-25 23:22:13', '2016-02-25 23:22:39', 0, '1', 25, 0),
(67, 'Okechukwu64', 'Mr', 'Okechukwu', 'Okechukwu', 'Okechukwu', 'male', '2016-02-09', NULL, 'chukwuma2002@yahoo.com', 'nonyeokechukwu@yahoo.com', 'CHRISTIAN', NULL, 'Married', '08033087168', '08035050028	', '13, Jalupon Close, off Adeniran Ogunsanya Surulere Lagos', '', '', 'LAGOS', 'LAGOS ISLAND', '160', NULL, NULL, 1, 25, 25, '2016-02-25 23:25:55', '2016-02-25 23:27:21', 0, '1', 25, 0),
(68, 'Okoli65', 'Mr', 'Chijioke', 'Chijioke', 'Okoli', 'male', '2016-02-17', NULL, 'chijioke033@gmail.com', 'writetoadaonline@yahoo.com', 'CHRISTIAN', NULL, 'Married', '08033375519', '07060500253	', '11, Olaseni Diya Olu Street, Ikate, Surulere, Lagos', '', '', 'LAGOS', 'LAGOS ISLAND', '160', NULL, NULL, 1, 25, 25, '2016-02-25 23:30:11', '2016-02-25 23:30:34', 0, '1', 25, 0),
(69, 'Okoro66', 'Mr', 'Okoro', 'Okoro', 'Okoro', 'male', '2016-02-16', NULL, 'nokoro@diamondbank.com', 'nkemokkoro@yahoo.com', 'CHRISTIAN', NULL, 'Married', '08023113769', '08022236900', '13 Sesan Street Moyegun Str. Ijesha , Surulere Lagos', '', '', 'LAGOS', 'LAGOS MAINLAND', '160', NULL, NULL, 1, 25, 25, '2016-02-25 23:33:51', '2016-02-25 23:34:52', 0, '1', 25, 0),
(70, 'Okoye67', 'Mr', 'Okoye', 'Okoye', 'Okoye', 'male', '2016-02-23', NULL, 'evangelinenonye@yahoo.com', 'terryju2000@yahoo.com', 'CHRISTIAN', NULL, 'Married', '08034918752', '08033019432', 'No 28 Ogunleye Str, Ikate  Surulere Lagos', '', '', 'LAGOS', 'LAGOS MAINLAND', '160', NULL, NULL, 1, 25, 25, '2016-02-25 23:38:34', '2016-02-25 23:38:54', 0, '1', 25, 0),
(71, 'Okusanya68', 'Mr', 'Okusanya', 'Okusanya', 'Okusanya', 'male', '2016-02-24', NULL, 'bolaji5000@yahoo.com', 'moyoaina@yahoo.com', 'CHRISTIAN', NULL, 'Married', '08023392624', '07034170164	', '2,Joel Oguntade Str, off Irone avenue', '', '', 'LAGOS', 'LAGOS MAINLAND', '160', NULL, NULL, 1, 25, 25, '2016-02-25 23:43:11', '2016-02-25 23:43:25', 0, '1', 25, 0),
(72, 'Olaniyan69', 'Mr', 'Olaniyan', 'Olaniyan', 'Olaniyan', 'male', '2016-02-17', NULL, '', '', 'CHRISTIAN', NULL, 'Married', '07018334278', '08023598894', '58, Thomas Animashaun Street, Aguda, Surulere, Lagos	', '', '', 'LAGOS', 'LAGOS ISLAND', '160', NULL, NULL, 1, 25, 25, '2016-02-25 23:47:35', '2016-02-25 23:47:46', 0, '1', 25, 0),
(73, 'Oni70', 'Mr', 'Oni', 'Oni', 'Oni', 'male', '2016-02-16', NULL, 'onifelix@yahoo.com', '', 'CHRISTIAN', NULL, 'Married', '07087065638', '08081053949	', '310 Muritala Mohammed way, Yaba Lagos After Loco Bus Stop Inside CIBN Yaba\r\n', '', '', 'LAGOS', 'LAGOS ISLAND', '160', NULL, NULL, 1, 25, 25, '2016-02-26 09:22:52', '2016-02-26 09:23:06', 0, '1', 25, 0),
(74, 'Olugbenga71', 'Mr', 'oni', 'Olugbenga', 'Oni', 'male', '2016-02-09', NULL, 'gbengaoni2001@yahoo.com', 'tayourtea3@yahoo.co.uk', 'CHRISTIAN', NULL, 'Married', '08070790222', '08032009167	', '74 Nnobi Street, Kilo Bus stop, Surulere, Lagos', '', '', 'LAGOS', 'LAGOS ISLAND', '160', NULL, NULL, 1, 25, 25, '2016-02-26 09:29:37', '2016-02-26 09:29:57', 0, '1', 25, 0),
(75, 'Onohwakpor72', 'Mr', 'Onohwakpor', 'Onohwakpor', 'Onohwakpor', 'male', '2016-02-10', NULL, 'emekalaw@yahoo.com', 'katchyjoy@yahoo.com', 'CHRISTIAN', NULL, 'Married', '08023132495', '08022903889', '29, Bode Thomas Street Surulere Lagos', '', '', 'LAGOS', 'LAGOS ISLAND', '160', NULL, NULL, 1, 25, 25, '2016-02-26 09:32:47', '2016-02-26 09:33:01', 0, '1', 25, 0),
(76, 'Onwugbenu73', 'Mr', 'Vitalis', 'Onwugbenu', 'Onwugbenu', 'male', '2016-02-10', NULL, 'chivoutunique@gmail.com', 'salaski1779@gmail.com', 'CHRISTIAN', NULL, 'Married', '08097403337', '08084069406	', '7, Obalolu Street, Ijesha, Surulere, Lagos', '', '', 'LAGOS', 'LAGOS ISLAND', '160', NULL, NULL, 1, 25, 25, '2016-02-26 09:37:28', '2016-02-26 09:37:35', 0, '1', 25, 0),
(77, 'Onyeka74', 'Mr', 'Clement', 'Onyeka', 'Onyeka', 'male', '2016-02-09', NULL, 'iphyee@yahoo.com', 'ndunike@yahoo.com', 'CHRISTIAN', NULL, 'Married', '08055931823', '08060562113', '204 Adetola Street, Aguda Surulere, Lagos', '', '', 'LAGOS', 'LAGOS MAINLAND', '160', NULL, NULL, 1, 25, 25, '2016-02-26 09:42:07', '2016-02-26 09:42:39', 0, '1', 25, 0),
(78, 'Osazuwa75', 'Mr', 'Osazuwa', 'Osazuwa', 'Osazuwa', 'male', '2016-02-02', NULL, 'inyang3@yahoo.com', 'poosazoo@yahoo.com', 'CHRISTIAN', NULL, 'Married', '08032004884', '08033094775', 'House N4, Royal Estate Phase 1 Games Village  Surulere Lagos\r\n', '', '', 'LAGOS', 'LAGOS ISLAND', '160', NULL, NULL, 1, 25, 25, '2016-02-26 09:48:14', '2016-02-26 09:48:48', 0, '1', 25, 0),
(79, 'Oyewusi76', 'Mr', 'Oyewusi', 'Oyewusi', 'Oyewusi', 'male', '2016-02-02', NULL, 'kkafo@rocketmail.com', 'abloyeakinniyi@yahoo.com', 'CHRISTIAN', NULL, 'Married', '08033343110', '08170761484', '22 Mbonu Ojake Str,  Off Ayinde Giwa, Surulere Lagos', '', '', 'LAGOS', 'LAGOS ISLAND', '160', NULL, NULL, 1, 25, 25, '2016-02-26 09:53:03', '2016-02-26 09:53:10', 0, '1', 25, 0),
(80, 'Oyinloye77', 'Mr', 'Oyinloye', 'Oyinloye', 'Oyinloye', 'male', '2016-02-23', NULL, 'byron2002@yahoo.com', 'chesther2@yahoo.com', 'CHRISTIAN', NULL, 'Married', '08082900122', '08137761012	', '22/35 Shaki Crescent, Aguda, Surulere Lagos', '', '', 'LAGOS', 'LAGOS ISLAND', '160', NULL, NULL, 1, 25, 25, '2016-02-26 09:58:17', '2016-02-26 09:58:27', 0, '1', 25, 0),
(81, 'Patil78', 'Mr', 'Sachin', 'Patil', 'Patil', 'male', '2016-02-09', NULL, '', '', 'CHRISTIAN', NULL, 'Married', '08035351311', '07030541748', 'C2, Royal Estate, Surulere, Lagos', '', '', 'LAGOS', 'LAGOS MAINLAND', '160', NULL, NULL, 1, 25, 25, '2016-02-26 10:00:55', '2016-02-26 10:01:42', 0, '1', 25, 0),
(82, 'Raheem79', 'Mr', 'Raheem', 'Raheem', 'Raheem', 'male', '2016-02-04', NULL, 'orraheema@yahoo.com', 'hotzee17@yahoo.com', 'MUSLIM', NULL, 'Married', '08037207330', '08035748982	', '50B Abosede Kuboye Crescent, Surulere, Lagos	\r\n', '', '', 'LAGOS', 'LAGOS MAINLAND', '160', NULL, NULL, 1, 25, 25, '2016-02-26 10:04:38', '2016-02-26 10:05:41', 0, '1', 25, 0),
(83, 'Sam-Adenekan80', 'Mr', 'Samuel', 'Sam-Adenekan', 'Sam-Adenekan', 'male', '2016-02-17', NULL, 'wesley-nelkan@yahoo.com', 'tayottk@yahoo.com', 'CHRISTIAN', NULL, 'Married', '0803575559', '08097809708', '18, Sholeye Crescent, Off Ayinde Giwa Strret, Masha, Surulere, Lagos', '', '', 'LAGOS', 'LAGOS MAINLAND', '160', NULL, NULL, 1, 25, 25, '2016-02-26 10:10:49', '2016-02-26 10:10:55', 0, '1', 25, 0),
(84, 'Toheeb.Sanni81', 'Mr', 'Toheeb', 'Olanrewaju', 'Sanni', 'male', '2016-02-10', NULL, '', '', 'MUSLIM', NULL, 'Married', '08032905013', '07030075800', '20, Mercy Eneli Street, Surulere, Lagos', '', '', 'LAGOS', 'LAGOS ISLAND', '160', NULL, NULL, 1, 25, 25, '2016-02-26 10:15:10', '2016-02-26 10:16:16', 0, '1', 25, 0),
(85, 'Sodunke82', 'Mr', 'Oluwakayode', 'Sodunke', 'Sodunke', 'male', '2016-02-17', NULL, 'kay1sodunke@yahoo.com', 'inumidun1@gmail.com', 'CHRISTIAN', NULL, 'Married', '08091586846', '08187734762', '10, Alhaji Oyuon Street, Ikate-kilo, Surulere, Lagos', '', '', 'LAGOS', 'LAGOS MAINLAND', '160', NULL, NULL, 1, 25, 25, '2016-02-26 10:20:00', '2016-02-26 10:20:26', 0, '1', 25, 0),
(86, 'Sokoya83', 'Mr', 'Sokoya', 'Sokoya', 'Sokoya', 'male', '2016-02-23', NULL, 'mudin22@yahoo.com', 'olumidesokoya@yahoo.com', 'CHRISTIAN', NULL, 'Married', '08023131716', '08034020807	', '8 Alhaji Shittu St, Aguda Surulere, Lagos	 \r\n', '', '', 'LAGOS', 'LAGOS ISLAND', '160', NULL, NULL, 1, 25, 25, '2016-02-26 10:24:50', '2016-02-26 10:25:00', 0, '1', 25, 0),
(87, 'Tella84', 'Mr', 'Babatunde', 'Tella', 'Tella', 'male', '2016-02-03', NULL, 'babatunde_tella@yahoo.com', 'adedayotella@gmail.com', 'CHRISTIAN', NULL, 'Married', '08033855764', '08023625834	', 'Block 146, Flat 2, Alaka, LCHE, Surulere, Lagos', '', '', 'LAGOS', 'LAGOS MAINLAND', '160', NULL, NULL, 1, 25, 25, '2016-02-26 10:49:07', '2016-02-26 10:50:16', 0, '1', 25, 0),
(88, 'Tobore85', 'Mr', 'Tobore', 'Tobore', 'Tobore', 'male', '2016-02-17', NULL, '', '', 'CHRISTIAN', NULL, 'Married', '08033237147', '08024215357', '3, Olayemi Street, Off Unubi, Ikate Surulere Lagos 	', '', '', 'LAGOS', 'LAGOS MAINLAND', '160', NULL, NULL, 1, 25, 25, '2016-02-26 11:02:31', '2016-02-26 11:02:42', 0, '1', 25, 0),
(89, 'Udoji86', 'Mr', 'Udoji', 'Udoji', 'Udoji', 'male', '2016-02-09', NULL, 'midpointapparel@yahoo.com', 'gudoji@yahoo.com', 'CHRISTIAN', NULL, 'Married', '08033001001', '08033001010	', '8 Ajani Olujare str Alaka Estate Surulere Lagos\r\n', '', '', 'LAGOS', 'LAGOS MAINLAND', '160', NULL, NULL, 1, 25, 25, '2016-02-26 11:05:46', '2016-02-26 11:06:00', 0, '1', 25, 0),
(90, 'Udorji87', 'Mr', 'Malachy', 'Uzoma', 'Udorji', 'male', '2016-02-25', NULL, 'machukwuanabel@yahoo.com', '', 'CHRISTIAN', NULL, 'Married', '08032158141', '08057129967', '9, Akpan Crescent, Off Ojuelegba Road, Surulere, Lagos.	', '', '', 'LAGOS', 'LAGOS MAINLAND', '160', NULL, NULL, 1, 25, 25, '2016-02-26 11:17:06', '2016-02-26 11:17:27', 0, '1', 25, 0),
(91, 'Umar88', 'Mr', 'Suleiman', 'Umar', 'Umar', 'male', '2016-02-17', NULL, 'sule124@yahoo.co.uk', 'ahmedhabibah@yahoo.co.uk', 'MUSLIM', NULL, 'Married', '0809944440', '08099454400', '5a, Ajao Road, Off Ogunlana Drive, Off Olufemi Street, Surulere, Lagos.	', '', '', 'LAGOS', 'LAGOS MAINLAND', '160', NULL, NULL, 1, 25, 25, '2016-02-26 11:25:44', '2016-02-26 11:29:27', 0, '1', 25, 0),
(92, 'Unigwe89', 'Mr', 'Unigwe', 'Unigwe', 'Unigwe', 'male', '2016-02-17', NULL, 'onyedikaunigwe@gmail.com', 'aa.unigwe@gmail.com', 'CHRISTIAN', NULL, 'Married', '08183395278', '08069145998', '29 Kuforji  Street, Orile Lagos', '', '', 'LAGOS', 'LAGOS MAINLAND', '160', NULL, NULL, 1, 30, 30, '2016-02-26 11:38:28', '2016-02-26 11:38:36', 0, '1', 30, 0),
(93, 'Uzowuru90', 'Mr', 'Uzowuru', 'Uzowuru', 'Uzowuru', 'male', '2016-02-17', NULL, 'ogechijudith@gmail.com', 'manpinou@yahoo.com', 'CHRISTIAN', NULL, 'Married', '09099556290', '08060304201', 'No. 13 Olayemi Str, Kilo Surulere Lagos\r\n', '', '', 'LAGOS', 'LAGOS MAINLAND', '160', NULL, NULL, 1, 30, 30, '2016-02-26 11:42:35', '2016-02-26 11:42:42', 0, '1', 30, 0),
(94, 'Queenton', 'Mr', 'Test', 'Suite', 'Queenton', 'female', '2016-03-01', NULL, 'mako.ifeanyi@appmartgroup.com', '', 'HINDU', NULL, 'Single', '08023100000', '', '', '', '', 'LAGOS', '', '160', NULL, NULL, 1, 147, 147, '2016-03-08 09:14:06', '2016-03-11 18:23:57', 0, '1', 147, 0),
(95, 'Munachi', 'Miss', 'Test', 'Test', 'Munachi', 'female', '1996-06-07', NULL, 'ekene.obiora@yahoo.com', '', 'CHRISTIAN', NULL, 'Married', '08023100000', '', '2 mulliner road', '', 'Lagos', 'LAGOS', 'LAGOS ISLAND', '160', NULL, NULL, 1, 147, 147, '2016-03-08 09:21:26', '2016-03-11 18:23:59', 0, '1', 147, 0),
(96, 'Achimugu', 'Mr', 'Achimugu', 'Achimugu', 'Achimugu', 'male', '1974-04-07', NULL, 'alimohammed14@yahoo.com', 'fauziya4py@yahoo.com', 'MUSLIM', NULL, 'Married', '08066261810', '08023171194', '16, Ore Close, Off Babatunde Street, Surulere, Lagos.', '', 'Lagos', 'LAGOS', 'LAGOS MAINLAND', '160', NULL, NULL, 1, 25, 25, '2016-03-08 09:38:28', '2016-03-10 11:18:10', 0, '1', 25, 0),
(97, 'testprogram', 'Mr', 'Program', 'Test', 'Test', 'male', '2015-02-02', '97.jpg', 'makodelino@gmail.com', '', 'BUDDHIST', NULL, 'Married', '08023100000', '', '', '', 'Lagos', 'LAGOS', 'LAGOS MAINLAND', '160', NULL, NULL, 1, 147, 147, '2016-03-11 07:36:15', '2016-03-14 17:54:49', 0, '1', 147, 0),
(98, 'AGUNBIADE', 'Mr', 'AGUNBIADE', 'AGUNBIADE', 'AGUNBIADE', 'male', '2014-02-06', NULL, 'ebybabe2000@yahoo.com', '', 'CHRISTIAN', NULL, 'Married', '08023100000', '', '', '', '', 'LAGOS', '', '160', NULL, NULL, 1, 13, NULL, '2016-03-11 08:04:19', NULL, 0, NULL, NULL, 0),
(99, 'Abache', 'Mr', 'Abache', 'Abache', 'Abache', 'male', '2014-03-04', NULL, 'xathresources@yahoo.com', '', 'CHRISTIAN', NULL, 'Married', '08030641905', '08033194767', 'No 15, Adekunle- Deen Sari Iganmu', '', 'Lagos', 'LAGOS', 'SURULERE', '160', NULL, NULL, 1, 25, 25, '2016-03-21 10:12:39', '2016-04-27 18:56:49', 0, '1', 25, 0),
(100, 'Adams', 'Mr', 'Adeyemi', 'Bamidele', 'Adams ', 'male', '1970-09-30', NULL, 'adamssadeaken@gmail.com', 'bamidele.adams@gmail.com', 'MUSLIM', NULL, 'Married', '08028149009', '08023656276', '31 Adedoyin street, Ijesha, Surulere, Lagos', '', 'Lagos', 'LAGOS', 'LAGOS MAINLAND', '160', NULL, NULL, 1, 25, 25, '2016-03-22 08:09:40', '2016-03-22 08:10:00', 0, '1', 25, 0),
(101, ' Adenuga', 'Mr', ' Adenuga', ' Adenuga', ' Adenuga', 'male', '2016-03-01', NULL, 'muyi@chevron.com', 'abcbukky@yahoo.com', 'CHRISTIAN', NULL, 'Married', '08035371665', '08023082566', '16 Olajumoke Obasa close, Off Bode Thomas, Surulere, Lagos', '', 'Lagos', 'LAGOS', 'LAGOS MAINLAND', '160', NULL, NULL, 1, 25, 25, '2016-03-22 09:05:23', '2016-03-22 09:05:32', 0, '1', 25, 0),
(102, 'Ojibo', 'Mr', 'Ojibo', 'Julius', 'Agbo', 'male', '2016-04-03', NULL, 'ojibo.julius@yahoo.com', '', 'CHRISTIAN', NULL, 'Married', '07032458768', '08033318037', '27, Olatilewa Street, Surulere, Lagos.', '', 'Lagos', 'LAGOS', 'LAGOS MAINLAND', '160', NULL, NULL, 1, 25, 25, '2016-04-05 09:20:21', '2016-04-05 09:20:41', 0, '1', 25, 0),
(103, 'Akabueze', 'Mr', 'Basdon', 'Basdon', 'Akabueze ', 'male', '2015-03-01', NULL, 'ka-basdon@yahoo.com', 'chika.akabueze@yahoo.com', 'CHRISTIAN', NULL, 'Married', '08037199628', '08033548781 ', '58, Ashimowu Bakare, Sururlere, Lagos.', '', 'Lagos', 'LAGOS', 'SURULERE', '160', NULL, NULL, 1, 25, 25, '2016-04-11 08:30:32', '2016-04-11 08:30:47', 0, '1', 25, 0),
(104, 'Akindele', 'Mr', 'Akindele', 'Akindele', 'Akindele', 'male', '2016-04-04', NULL, 'gbakindele@gmail.com', 'kemiakindele2001@yahoo.com', 'CHRISTIAN', NULL, 'Married', '08023188249', '08023066314 ', 'No. 33 Prophet Adeoye Str, Ijeshatedo, Surulere, Lagos', '', 'Lagos', 'LAGOS', 'SURULERE', '160', NULL, NULL, 1, 25, 25, '2016-04-11 08:47:30', '2016-04-11 08:47:52', 0, '1', 25, 0),
(105, ' Akinyimika ', 'Mr', ' Akinyimika ', ' Akinyimika ', ' Akinyimika ', 'male', '2016-04-01', NULL, 'akbohenry@yahoo.com', 'bukola.akinyimika@yahoo.com', 'CHRISTIAN', NULL, 'Married', '08034423252', '08055389288', '9, Tayo Oyefeko Str, By Shaki Crescent, Aguda  Surulere, Lagos', '', 'Lagos', 'LAGOS', 'SURULERE', '160', NULL, NULL, 1, 25, 25, '2016-04-11 08:59:48', '2016-04-11 09:00:05', 0, '1', 25, 0),
(106, 'Alagoa', 'Mr', 'Ebinimi', 'Ebinimi', 'Alagoa ', 'male', '2016-03-25', NULL, 'alagoa7@gmail.com', 'janealagoa@yahoo.com', 'CHRISTIAN', NULL, 'Married', '08029990048', '08022224260', '87, Brown Rd, Aguda, Surulere, Lagos.', '', 'Lagos', 'LAGOS', 'SURULERE', '160', NULL, NULL, 1, 25, 25, '2016-04-11 09:36:11', '2016-04-11 09:36:39', 0, '1', 25, 0),
(107, 'Alli-Balogun', 'Mr', 'Alli-Balogun', 'Alli-Balogun', 'Alli-Balogun', 'male', '2016-03-25', NULL, 'topesanusi@yahoo.com', '', 'CHRISTIAN', NULL, 'Married', '08033225943', '08035962190', '30, Oyegunwa Street, Oshodi,Lagos', '', 'Lagos', 'LAGOS', 'SURULERE', '160', NULL, NULL, 1, 25, 25, '2016-04-11 10:07:32', '2016-04-11 10:07:57', 0, '1', 25, 0),
(108, 'Amadi', 'Mr', 'Jude', 'Ugoeze', 'Amadi', 'male', '2015-11-23', NULL, 'Jthabit2001@yahoo.com', 'ugoezem@yahoo.com', 'CHRISTIAN', NULL, 'Married', '08033133977', '08023043000', '22(old) or New No 48, Raufu Williams, Surulere, Lagos', '', 'Lagos', 'LAGOS', 'SURULERE', '160', NULL, NULL, 1, 25, 25, '2016-04-11 10:48:10', '2016-04-11 10:48:32', 0, '1', 25, 0),
(109, 'Animashaun ', 'Mr', 'Animashaun ', 'Animashaun ', 'Animashaun ', 'male', '1968-10-16', NULL, 'waleanimashaun@yahoo.com', 'titiaade@yahoo.com', 'CHRISTIAN', NULL, 'Married', '08033258289 ', '08185569111', '191 Babs  Animashaun, Surulere, Lagos', '', 'Lagos', 'LAGOS', 'LAGOS MAINLAND', '160', NULL, NULL, 1, 25, 25, '2016-04-14 09:57:37', '2016-04-14 09:58:08', 0, '1', 25, 0),
(110, 'Anueyiagu', 'Mr', 'Chukwudi', 'Chukwudi', 'Anueyiagu ', 'male', '2005-07-19', NULL, 'miriamchinyere@yahoo.com', '', 'CHRISTIAN', NULL, 'Married', '08023033376', '08023041834', '17 Oyewunmi Close, Off Falolu road, Surulere, Lagos.', '', 'Lagos', 'LAGOS', 'SURULERE', '160', NULL, NULL, 1, 25, 25, '2016-04-14 10:20:58', '2016-04-14 10:22:39', 0, '1', 25, 0),
(111, 'Anyadike', 'Mr', 'Anyadike', 'Anyadike', 'Anyadike', 'male', '2016-04-13', NULL, 'amymeks@yahoo.com', 'evallysally@yahoo.com', 'CHRISTIAN', NULL, 'Married', '08035786777', '07033923217', '30 Enoma Street, off Ago Palace Way Okota Lagos', '', 'Lagos', 'LAGOS', 'SURULERE', '160', NULL, NULL, 1, 25, 25, '2016-04-14 11:16:40', '2016-04-14 11:17:26', 0, '1', 25, 0),
(112, 'Asubop', 'Mr', 'Asubop', 'Asubop', 'Asubop', 'male', '2016-04-06', NULL, 'asubee3@gmail.com', 'i.emem@yahoo.com', 'CHRISTIAN', NULL, 'Married', '08036280865', '+17134590224', '128 Bode Thomas street, Surulere, Lagos', '', 'Lagos', 'LAGOS', 'LAGOS ISLAND', '160', NULL, NULL, 1, 25, 25, '2016-04-18 09:26:59', '2016-04-18 09:27:35', 0, '1', 25, 0),
(113, 'Benson', 'Mr', 'Benson', 'Benson', 'Benson', 'male', '2016-04-01', NULL, 'bobensonng@yahoo.com', '', 'CHRISTIAN', NULL, 'Married', '08023225004', '', '2 Olufemi Road off Ogunlana Drive, Surulere Lagos', '', 'Lagos', 'LAGOS', 'LAGOS MAINLAND', '160', NULL, NULL, 1, 25, 25, '2016-04-18 11:20:47', '2016-04-18 11:21:06', 0, '1', 25, 0),
(114, 'Balogun-Oladapo', 'Mr', 'Oladapo', 'Oladapo', 'Balogun', 'male', '2016-04-09', NULL, 'dahrat2000@yahoo.com', 'komeko2000@yahoo.com', 'CHRISTIAN', NULL, 'Married', '08023240772', '', '5, Kehinde, Street, Off Adetola, Aguda, Surulere, Lagos', '', 'Lagos', 'LAGOS', 'LAGOS MAINLAND', '160', NULL, NULL, 1, 25, 25, '2016-04-21 10:13:31', '2016-04-21 10:14:02', 1, NULL, NULL, 0),
(115, 'Charles-Ugbechie', 'Mr', 'Charles Ugbechie', 'Charles Ugbechie', 'Charles Ugbechie', 'male', '2016-04-02', NULL, 'charlesugbechie@yahoo.com', 'oayodeleoni@yahoo.com', 'CHRISTIAN', NULL, 'Married', '08033279978', '08034804555', 'No 16, Odetola  St,off Nnobi, Kilo Bus stop surulere, Lagos', '', 'Lagos', 'LAGOS', 'LAGOS MAINLAND', '160', NULL, NULL, 1, 25, 25, '2016-04-21 10:42:17', '2016-05-11 10:22:29', 0, '1', 25, 0),
(116, 'Ifiorah', 'Mr', 'IFIORAH', 'IFIORAH', 'IFIORAH', 'male', '1980-01-01', NULL, 'philngozi2012@yahoo.com', 'goodlukpluss22@yahoo.com', 'CHRISTIAN', NULL, 'Married', '07083821460', '08033581088', '10, Ijewere Street Surulere Lagos', '', 'SURULERE', 'LAGOS', 'SURULERE', '160', NULL, NULL, 1, 25, 25, '2016-05-03 14:30:31', '2016-05-03 14:33:46', 0, '1', 25, 0),
(117, 'kupoluyi', 'Mr', 'Oluwaseun', 'O', 'Kupoluyi', 'male', '1980-12-26', NULL, 'oluwaseun@gmail.com', 'oyinkansade@gmail.com', 'CHRISTIAN', NULL, 'Married', '08087724172', '08033424242', '4, Aibu Street, Off Bode Thomas, Surulere, Lagos.', '', 'Surulere', 'LAGOS', 'SURULERE', '160', NULL, NULL, 1, 25, 25, '2016-05-07 14:25:05', '2016-05-07 14:25:32', 0, '1', 25, 0),
(118, 'Odetayo', 'Mr', 'Temitayo', 'T', 'Odetayo', 'male', '1980-02-01', NULL, 'gniyi@yahoo.com', 'tayoodetayo@gmail.com', 'CHRISTIAN', NULL, 'Married', '08050762796 ', '08023171531', '3A, Shofidiya Close, off Ilesanmi Street, Surulere', '', 'Surulere', 'LAGOS', 'SURULERE', '160', NULL, NULL, 1, 25, 25, '2016-05-07 14:41:16', '2016-05-07 14:41:40', 0, '1', 25, 0),
(119, 'Obazelu', 'Mr', 'Obazelu', 'O', 'Obazelu', 'male', '1980-09-21', NULL, 'adeobazelu@yahoo.com', 'winnyscakes@yahoo.com', 'CHRISTIAN', NULL, 'Married', ' 08023030154', '08023454219', '', '19A Imam Dauda off Eric Moore Road, Surulere, Lagos', 'Surulere', 'LAGOS', 'SURULERE', '160', NULL, NULL, 1, 25, 25, '2016-05-07 15:41:38', '2016-05-07 15:41:58', 0, '1', 25, 0),
(120, 'David', 'Mr', 'David', 'D', 'David', 'male', '1980-05-02', NULL, 'kinsley.david@dhl.com', 'kikeabayomi@yahoo.com', 'CHRISTIAN', NULL, 'Married', '08033261663', '08033010481', '6, Funsho Ajayi, Street,off Oladimeji, Aguda, Surulere Lagos', '', '', 'LAGOS', 'SURULERE', '160', NULL, NULL, 1, 25, 25, '2016-05-10 12:03:59', '2016-05-10 12:04:11', 0, '1', 25, 0),
(121, 'Chukwurah', 'Mr', 'Chuma', 'C', 'Chukwurah', 'male', '1976-05-05', NULL, 'getochuma@gmail.com', 'yemmi1@yahoo.co.uk', 'CHRISTIAN', NULL, 'Married', '08022228473', '08029998473', '7, Adebisi close off Ajao Road, Surulere, Lagos', '', '', 'LAGOS', 'SURULERE', '160', NULL, NULL, 1, 25, 25, '2016-05-10 12:42:57', '2016-05-10 12:43:14', 0, '1', 25, 0),
(122, 'Obiedo', 'Mr', 'Tobechukwu', 'O', 'Obiedo', 'male', '1980-10-23', NULL, 'ritatobe@yahoo.com', 'priskahill@yahoo.co.uk', 'CHRISTIAN', NULL, 'Married', '08033218399', '08035733172', '22, Ayodele Street, Off Afolabi Dada, Surulere, Lagos', '', '', 'LAGOS', 'SURULERE', '160', NULL, NULL, 1, 25, 25, '2016-05-10 12:53:04', '2016-05-10 12:53:18', 0, '1', 25, 0),
(123, 'Onohwakpor', 'Mr', 'Emeka', 'O', 'Onohwakpor', 'male', '1967-02-13', NULL, 'katchyjoy@yahoo.com', 'emekalaw@yahoo.com', 'CHRISTIAN', NULL, 'Married', '08022903389', '08023132495', '29, Bode Thomas Street, Surulere, Lagos', '', '', 'LAGOS', 'SURULERE', '160', NULL, NULL, 1, 25, 25, '2016-05-10 13:26:20', '2016-05-10 13:27:45', 1, NULL, NULL, 0),
(124, 'Samuel-Ipaye', 'Mr', 'Tunde', 'S', 'Samuel-Ipaye', 'male', '1980-01-18', NULL, 'tsipaye@yahoo.co.uk', 'maryipaye@gmail.com', 'CHRISTIAN', NULL, 'Married', '08032011936', '', '104 Baba Animashaun Street Surulere Lagos', '', '', 'LAGOS', 'SURULERE', '160', NULL, NULL, 1, 25, 25, '2016-05-10 13:45:09', '2016-05-10 13:51:07', 0, '1', 25, 0),
(125, 'Nathans', 'Mr', 'Obumneme', 'O', 'Nathans', 'male', '1973-08-02', NULL, 'egomonique@yahoo.com', 'stacotek@yahoo.com', 'CHRISTIAN', NULL, 'Married', '08037278566 ', '08023446976', '31, Dipo Olubi Street, Off Oduduwa Street, Through Kilo Bus Stop, Surulere Lagos', '', 'Surulere', 'LAGOS', 'SURULERE', '160', NULL, NULL, 1, 25, 25, '2016-05-10 13:57:52', '2016-05-10 13:58:05', 0, '1', 25, 0),
(126, 'Oluwadare', 'Mr', 'Ouwadare', 'O', 'Oluwadare', 'male', '1974-03-14', NULL, 'joadoluwadare@yahoo.com', 'deoladorcas@yahoo.com', 'CHRISTIAN', NULL, 'Married', '08032001153', '08032011153', '32 Abayomi Street Lawason, Surulere Lagos', '', 'Surulere', 'LAGOS', 'SURULERE', '160', NULL, NULL, 1, 25, 25, '2016-05-10 14:29:11', '2016-05-10 14:29:26', 0, '1', 25, 0),
(127, 'Onyeiwu', 'Mr', 'Uchenna', 'O', 'Onyeiwu', 'male', '1980-04-19', NULL, 'infocoleon@yahoo.com', 'ihuomaonyeiwu@yahoo.com', 'CHRISTIAN', NULL, 'Married', '08033067789', '08033615101', '43B, Abosede Kuboye Crescent, off Imam Dauda by Eric Moore, Surulere, Lagos', '', 'Surulere', 'LAGOS', 'SURULERE', '160', NULL, NULL, 1, 25, 25, '2016-05-13 09:08:01', '2016-05-13 09:08:19', 0, '1', 25, 0),
(128, 'Clarke-Sodeinde', 'Mr', 'Michael', 'Mark', 'Clarke-Sodeinde', 'male', '1980-06-23', NULL, 'ndidiclark@yahoo.com', '', 'CHRISTIAN', NULL, 'Married', '07042133063', '07040001212', '11, Godwin Okigbo Street, Surulere, Lagos', '', 'Surulere', 'LAGOS', 'SURULERE', '160', NULL, NULL, 1, 25, 25, '2016-05-13 10:44:34', '2016-05-13 10:44:46', 0, '1', 25, 0),
(129, 'Olubunmi-Davies', 'Mr', 'Olubunmi-Davies', 'O', 'Olubunmi-Davies', 'male', '1980-01-24', NULL, 'obiageeo1@mtnnigeria.net', 'obyjiks@yahoo.com', 'CHRISTIAN', NULL, 'Married', '08032015642', '08032005642', '84 Femi Ayantuga Cresent off Adelabu Surulere', '', 'Surulere', 'LAGOS', 'SURULERE', '160', NULL, NULL, 1, 25, 25, '2016-05-13 11:04:55', '2016-05-13 11:05:09', 0, '1', 25, 0),
(130, 'Mogbolu', 'Mr', 'Mogbolu', 'M', 'Mogbolu', 'male', '1980-01-01', NULL, 'al.mogbolu@yahoo.com', '', 'CHRISTIAN', NULL, 'Married', '08030000000', '', '36 Femi Ayantuga Street Surulere, Lagos', '', 'Surulere', 'LAGOS', 'SURULERE', '160', NULL, NULL, 1, 25, 25, '2016-05-13 20:10:05', '2016-05-13 20:10:48', 0, '1', 25, 0),
(131, 'Ogunboyo', 'Mr', 'Ogunboyo', 'O', 'Ogunboyo', 'male', '1980-05-11', NULL, 'kayodeogunboyo@yahoo.co.uk', 'oremeyiogunboyo@yahoo.com', 'CHRISTIAN', NULL, 'Married', '08055690509 ', '08025846716', '3, Ramlat Timson Street, Aguda, Surulere Lagos', '', 'Surulere', 'LAGOS', 'SURULERE', '160', NULL, NULL, 1, 25, 25, '2016-05-13 20:37:46', '2016-05-13 20:38:03', 0, '1', 25, 0),
(132, 'Enang', 'Mr', 'Enang', 'E', 'Enang', 'male', '1980-04-03', NULL, 'besola2001@yahoo.com', 'eskor12@yahoo.com', 'CHRISTIAN', NULL, 'Married', '08028437423', '08028158070', '45,Cole Street, Surulere, Lagos', '', 'Surulere', 'LAGOS', 'SURULERE', '160', NULL, NULL, 1, 25, 25, '2016-05-13 20:55:29', '2016-05-13 20:59:47', 0, '1', 25, 0),
(133, 'Obalum', 'Mr', 'Obalum', 'O', 'Obalum', 'male', '1980-01-01', NULL, 'obyobalum@yahoo.com', '', 'CHRISTIAN', NULL, 'Married', '08010000000', '', '44, Johnson street, Surulere, Lagos', '', 'Surulere', 'LAGOS', 'SURULERE', '160', NULL, NULL, 1, 25, 25, '2016-05-13 21:15:13', '2016-05-13 21:18:02', 0, '1', 25, 0),
(134, 'Obi-Okoro', 'Mr', 'Obi', 'O', 'Obi-Okoro', 'male', '1964-07-18', NULL, 'obiokoro1@gmail.com', '', 'CHRISTIAN', NULL, 'Married', '08126865717', '08023023899', '16, Adekunle Kuye Street, Surulere, Lagos', '', 'Surulere', 'LAGOS', 'SURULERE', '160', NULL, NULL, 1, 25, 25, '2016-05-13 21:40:17', '2016-05-13 21:40:30', 0, '1', 25, 0),
(135, 'Uwubanmwe', 'Mrs', 'U', 'U', 'Uwubanmwe', 'female', '1980-06-20', NULL, 'cuwaifo@gmail.com', '', 'CHRISTIAN', NULL, 'Married', '08022228661', '', '15, Alaji salami, off Brown Road, Surulere, Lagos', '', 'Surulere', 'LAGOS', 'SURULERE', '160', NULL, NULL, 1, 25, 25, '2016-05-14 11:25:52', '2016-05-14 11:26:05', 0, '1', 25, 0),
(136, 'Obi25', 'Mr', 'O', 'O', 'Obi', 'male', '9180-01-01', NULL, 'obi@obi.com', '', 'CHRISTIAN', NULL, 'Married', '08020000000', '', '', '', 'Amuwo Odofin', 'LAGOS', 'AMUWO-ODOFIN', '160', NULL, NULL, 1, 25, 25, '2016-05-14 11:33:58', '2016-05-14 11:41:53', 0, '1', 25, 0),
(137, 'Nnadi', 'Mr', 'Nnadi', 'N', 'Nnadi', 'male', '1966-04-29', NULL, 'chidee_dera@yahoo.com', '', 'CHRISTIAN', NULL, 'Married', '08035759511', '', '22b Adebola Ojomu Str, Aguda Surulere Lagos ', '', 'Surulere', 'LAGOS', 'SURULERE', '160', NULL, NULL, 1, 25, 25, '2016-05-16 17:30:52', '2016-05-16 17:32:26', 0, '1', 25, 0),
(138, 'Joseph', 'Mr', 'Dimeji', 'D', 'Joseph', 'male', '1971-07-26', NULL, 'josephdimeji@gmail.com', 'holivegarden@yahoo.com', 'CHRISTIAN', NULL, 'Married', '08032008144', '08032018144', '9, Amusa Street, Off Agoro Bogunbolu, Akanro Road, Ilasa, Mushin, Lagos', '', 'MUSHIN', 'LAGOS', 'MUSHIN', '160', NULL, NULL, 1, 25, 25, '2016-05-16 17:52:30', '2016-05-16 17:52:51', 0, '1', 25, 0),
(139, 'Oyesaga', 'Mr', 'Oyesaga', 'O', 'Oyesaga', 'male', '1983-07-24', NULL, 'olabisioyesaga@gmail.com', 'olaniyi@chevron.com', 'CHRISTIAN', NULL, 'Married', '08055649447', '08023330769  ', '4, Hakeem Habeeb  close, House 10, Chief Natufe Street, Surulere, Lagos', '', 'Surulere', 'LAGOS', 'SURULERE', '160', NULL, NULL, 1, 25, 25, '2016-05-19 18:58:48', '2016-05-19 18:59:06', 0, '1', 25, 0);
INSERT INTO `parents` (`id`, `Username`, `title`, `firstname`, `middlename`, `lastname`, `gender`, `dob`, `photo`, `primary_email`, `alternate_email`, `religion`, `occupation`, `maritalstatus`, `mobile_phone`, `home_phone`, `address1`, `address2`, `city`, `state`, `lga`, `country`, `zip`, `type`, `status`, `createdby`, `modifiedby`, `createddate`, `modifieddate`, `deleted`, `approved`, `approvedby`, `loginid`) VALUES
(140, 'Jeff-Okafor', 'Mr', 'GEOFFREY', 'J', 'JEFF-OKAFOR', 'male', '1980-01-29', NULL, 'jeffkafor@yahoo.com', 'ogo-jeff2007@yahoo.com', 'CHRISTIAN', NULL, 'Married', '08033480108', '08035690903 ', '25B, Irone Avenue, Aguda, Surulere, Lagos', '', 'Surulere', 'LAGOS', 'SURULERE', '160', NULL, NULL, 1, 25, 25, '2016-05-23 20:44:16', '2016-05-23 20:44:36', 0, '1', 25, 0),
(141, 'Olaleye', 'Mr', 'Adewale', 'O', 'Olaleye', 'male', '1976-06-15', NULL, 'aoaopeter2000@gmail.com', 'crystalkeye@yahoo.co.uk', 'CHRISTIAN', NULL, 'Married', '08029310101', '08023037546', '1 Oduduwa close Off Oduduwa road Surulere Lagos', '', 'SURULERE', 'LAGOS', 'SURULERE', '160', NULL, NULL, 1, 25, 25, '2016-05-24 10:54:41', '2016-05-24 10:54:52', 0, '1', 25, 0),
(142, 'Oguadinma', 'Mr', 'Emmanuel', 'O', 'Oguadinma', 'male', '1980-02-22', NULL, 'Ifykem2004@yahoo.com', 'emogee2004@yahoo.com', 'CHRISTIAN', NULL, 'Married', '080331352263 ', '08034285015', '2 Falohaun street Aguda Surulere Lagos', '', 'Surulere', 'LAGOS', 'SURULERE', '160', NULL, NULL, 1, 25, 25, '2016-05-24 11:12:29', '2016-05-24 11:12:42', 0, '1', 25, 0),
(143, 'Uche-Kekeocha', 'Mr', 'Uche-Kekeocha', 'U', 'Uche-Keke0cha', 'male', '1980-06-12', NULL, 'tssjournal@gmail.com', 'lilies62000@yahoo.com', 'CHRISTIAN', NULL, 'Married', '08068875973', '08103159392', '107 Ogunsami Street Aguda, Surulere Lagos', '', 'Surulere', 'LAGOS', 'SURULERE', '160', NULL, NULL, 1, 25, 25, '2016-05-24 18:27:42', '2016-05-24 18:27:52', 0, '1', 25, 0),
(144, 'Obuba', 'Mr', 'Obuba', 'O', 'Obuba', 'male', '1980-01-01', NULL, 'obuba.obuba@yahoo.com', '', 'CHRISTIAN', NULL, 'Married', '08053039998', '', '37, Jadeshola, Oshodi, Brown Street Road, Surulere, Lagos', '', 'Surulere', 'LAGOS', 'SURULERE', '160', NULL, NULL, 1, 25, 25, '2016-05-24 18:35:20', '2016-05-24 18:35:35', 0, '1', 25, 0),
(145, 'Emoyon-Iredia', 'Mr', 'Emoyon-Iredia', 'E', 'Emoyon-Iredia', 'male', '1963-12-09', NULL, 'Iny30@yahoo.com', 'zaikiplus@yahoo.com', 'CHRISTIAN', NULL, 'Married', '08033912363', '08023339480', '95 Mustapha close off Bode Thomas Surulere, Lagos', '', 'Suru;ere', 'LAGOS', 'SURULERE', '160', NULL, NULL, 1, 25, 25, '2016-05-25 09:54:17', '2016-05-25 09:54:28', 0, '1', 25, 0),
(146, 'Adedeji', 'Mr', 'Ladipo', 'A', 'Adedeji', 'male', '1980-11-08', NULL, 'aladi50@hotmail.com', 'anita10708@yahoo.com', 'CHRISTIAN', NULL, 'Married', '08099511455', '08160474751', '10, Ayo Idowu Close, Off Ajao Road, Surulere, Lagos', '', 'Surulere', 'LAGOS', 'SURULERE', '160', NULL, NULL, 1, 25, 25, '2016-05-25 10:15:20', '2016-05-25 10:15:32', 0, '1', 25, 0),
(147, 'Egbujie', 'Mr', 'Uloma', 'E', 'Egbujie', 'male', '1980-12-22', NULL, 'jennyebujie@yahoo.com', '', 'CHRISTIAN', NULL, 'Married', '08073222280', '08033403222', '16, Odelola Street, Surulere, Lagos', '', 'Surulere', 'LAGOS', 'SURULERE', '160', NULL, NULL, 1, 25, 25, '2016-05-25 11:44:22', '2016-05-25 11:45:02', 0, '1', 25, 0),
(148, 'Ukabiala', 'Mr', 'Kingsley ', 'O', 'Ukabiala', 'male', '1980-03-27', NULL, 'orji@yahoo.com', 'fukabiala@cvl.com.ng', 'CHRISTIAN', NULL, 'Married', '''08033261274', '08033245638', '20, Animashaun Street, Off Bode Thomas, Surulere, Lagos', '', '', 'LAGOS', 'SURULERE', '160', NULL, NULL, 1, 25, 25, '2016-05-25 12:16:02', '2016-05-25 12:16:14', 0, '1', 25, 0),
(149, 'Oginni2', 'Mr', 'Oginni', 'O', 'Oginni', 'male', '1980-01-01', NULL, 'og-funke@yahoo.com', 'oluwafolakemi.oginni@zenithbank.com', 'CHRISTIAN', NULL, 'Married', '08033129812', '', '45, Odejayi Cres, Off Akinhami Street, Surulere, Lagos', '', 'Surulere', 'LAGOS', 'SURULERE', '160', NULL, NULL, 1, 25, 25, '2016-05-25 15:16:57', '2016-05-25 15:17:13', 0, '1', 25, 0),
(150, 'Balogun2', 'Mr', 'B', 'B', 'Balogun', 'male', '1980-01-01', NULL, 'balogun.balogun@yahoo.com', '', 'CHRISTIAN', NULL, 'Married', '08023081363', '', '10 Curtis Adeniyi Jones Street, Off Adeniran Ogunsanya Surulere ', '', 'Surulere', 'LAGOS', 'SURULERE', '160', NULL, NULL, 1, 25, 25, '2016-05-25 15:28:03', '2016-05-25 15:28:20', 0, '1', 25, 0),
(151, 'Kadaolu', 'Mr', 'Kadaolu', 'K', 'Kadaolu', 'male', '1980-01-01', NULL, 'kadaolu@kadaolu.com', '', 'CHRISTIAN', NULL, 'Married', '080300000000', '', '', '', '', 'LAGOS', '', '160', NULL, NULL, 1, 25, 25, '2016-05-29 10:37:58', '2016-05-29 10:42:44', 1, '1', 25, 0),
(152, 'Atta', 'Mr', 'Atta', 'A', 'Atta', 'male', '1980-01-01', NULL, 'atta@atta.com', '', 'CHRISTIAN', NULL, 'Married', '08020000000', '', '', '', '', 'LAGOS', 'SURULERE', '160', NULL, NULL, 1, 25, 25, '2016-05-29 19:48:26', '2016-05-29 19:48:36', 0, '1', 25, 0),
(153, 'Salisu', 'Mr', 'Salisu', 'S', 'Salisu', 'male', '1980-01-01', NULL, 'salisu@salisu.com', '', 'MUSLIM', NULL, 'Married', '08080000000', '', '', '', '', 'LAGOS', 'SURULERE', '160', NULL, NULL, 1, 25, 25, '2016-05-29 21:20:58', '2016-05-29 21:21:05', 0, '1', 25, 0);

-- --------------------------------------------------------

--
-- Table structure for table `permission`
--

CREATE TABLE IF NOT EXISTS `permission` (
  `id` int(11) NOT NULL AUTO_INCREMENT,
  `controller_id` int(11) DEFAULT NULL,
  `action_id` int(11) DEFAULT NULL,
  `role_id` int(11) DEFAULT NULL,
  `label_id` int(11) DEFAULT NULL,
  PRIMARY KEY (`id`)
) ENGINE=InnoDB  DEFAULT CHARSET=latin1 AUTO_INCREMENT=2230 ;

--
-- Dumping data for table `permission`
--

INSERT INTO `permission` (`id`, `controller_id`, `action_id`, `role_id`, `label_id`) VALUES
(2, 6, 58, 1, 2),
(3, 6, 63, 1, 3),
(4, 6, 56, 1, 53),
(5, 6, 60, 1, 54),
(6, 6, 59, 1, 55),
(7, 16, 118, 1, 5),
(8, 7, 68, 1, 6),
(9, 11, 93, 1, 9),
(10, 16, 116, 1, 14),
(11, 16, 128, 1, 15),
(12, 16, 123, 1, 16),
(13, 16, 128, 1, 17),
(14, 7, 68, 1, 18),
(15, 3, 38, 1, 19),
(16, 13, 152, 1, 21),
(17, 13, 153, 1, 22),
(18, 13, 154, 1, 23),
(19, 13, 155, 1, 24),
(20, 2, 8, 1, 36),
(21, 2, 13, 1, 37),
(22, 2, 18, 1, 38),
(23, 2, 23, 1, 39),
(24, 5, 43, 1, 40),
(25, 5, 48, 1, 41),
(26, 5, 53, 1, 42),
(27, 10, 78, 1, 44),
(28, 10, 83, 1, 45),
(29, 10, 88, 1, 46),
(30, 3, 28, 1, 51),
(31, 3, 33, 1, 52),
(79, 16, 116, 2, 14),
(80, 16, 128, 2, 15),
(81, 16, 123, 2, 16),
(82, 16, 128, 2, 17),
(83, 7, 68, 2, 18),
(84, 3, 38, 2, 19),
(85, 2, 8, 2, 36),
(86, 2, 13, 2, 37),
(87, 2, 18, 2, 38),
(88, 2, 23, 2, 39),
(89, 5, 43, 2, 40),
(90, 5, 48, 2, 41),
(91, 5, 53, 2, 42),
(92, 10, 78, 2, 44),
(93, 10, 83, 2, 45),
(94, 10, 88, 2, 46),
(95, 3, 28, 2, 51),
(96, 3, 33, 2, 52),
(97, 6, 58, 3, 2),
(98, 6, 63, 3, 3),
(99, 16, 118, 3, 5),
(100, 7, 68, 3, 6),
(101, 16, 116, 3, 14),
(102, 16, 128, 3, 15),
(103, 16, 123, 3, 16),
(104, 16, 128, 3, 17),
(105, 7, 68, 3, 18),
(106, 3, 38, 3, 19),
(107, 3, 28, 3, 51),
(108, 3, 33, 3, 52),
(305, 6, 58, 5, 2),
(306, 6, 63, 5, 3),
(307, 16, 118, 5, 5),
(308, 7, 68, 5, 6),
(309, 0, 0, 5, 7),
(310, 11, 93, 5, 9),
(311, 0, 0, 5, 10),
(312, 0, 0, 5, 11),
(313, 0, 0, 5, 12),
(314, 0, 0, 5, 58),
(315, 0, 0, 5, 59),
(316, 0, 0, 5, 60),
(317, 0, 0, 5, 61),
(318, 16, 116, 5, 14),
(319, 16, 128, 5, 15),
(320, 16, 123, 5, 16),
(321, 16, 128, 5, 17),
(322, 7, 68, 5, 18),
(323, 3, 38, 5, 19),
(324, 0, 0, 5, 62),
(325, 0, 0, 5, 63),
(326, 0, 0, 5, 64),
(327, 13, 152, 5, 21),
(328, 13, 153, 5, 22),
(329, 13, 154, 5, 23),
(330, 13, 155, 5, 24),
(331, 0, 0, 5, 65),
(332, 0, 0, 5, 66),
(333, 0, 0, 5, 67),
(334, 0, 0, 5, 68),
(335, 0, 0, 5, 69),
(336, 0, 0, 5, 33),
(337, 0, 0, 5, 34),
(338, 0, 0, 5, 70),
(339, 2, 8, 5, 36),
(340, 2, 13, 5, 37),
(341, 2, 18, 5, 38),
(342, 2, 23, 5, 39),
(343, 5, 43, 5, 40),
(344, 5, 48, 5, 41),
(345, 5, 53, 5, 42),
(346, 10, 78, 5, 44),
(347, 10, 83, 5, 45),
(348, 10, 88, 5, 46),
(349, 0, 0, 5, 71),
(350, 0, 0, 5, 72),
(351, 0, 0, 5, 73),
(352, 0, 0, 5, 48),
(353, 0, 0, 5, 49),
(354, 3, 28, 5, 51),
(355, 3, 33, 5, 52),
(356, 0, 0, 5, 76),
(357, 0, 0, 5, 77),
(358, 0, 0, 5, 78),
(359, 0, 0, 5, 79),
(360, 0, 0, 5, 80),
(361, 0, 0, 5, 81),
(362, 0, 0, 5, 82),
(363, 0, 0, 5, 83),
(364, 0, 0, 5, 84),
(365, 6, 58, 6, 2),
(366, 6, 63, 6, 3),
(367, 16, 118, 6, 5),
(368, 7, 68, 6, 6),
(369, 0, 0, 6, 7),
(370, 0, 0, 6, 57),
(371, 11, 93, 6, 9),
(372, 0, 0, 6, 10),
(373, 0, 0, 6, 11),
(374, 0, 0, 6, 12),
(375, 0, 0, 6, 58),
(376, 0, 0, 6, 59),
(377, 0, 0, 6, 60),
(378, 0, 0, 6, 61),
(379, 16, 116, 6, 14),
(380, 16, 128, 6, 15),
(381, 16, 123, 6, 16),
(382, 16, 128, 6, 17),
(383, 7, 68, 6, 18),
(384, 3, 38, 6, 19),
(385, 0, 0, 6, 62),
(386, 0, 0, 6, 63),
(387, 0, 0, 6, 64),
(388, 13, 152, 6, 21),
(389, 13, 153, 6, 22),
(390, 13, 154, 6, 23),
(391, 13, 155, 6, 24),
(392, 0, 0, 6, 65),
(393, 0, 0, 6, 66),
(394, 0, 0, 6, 67),
(395, 0, 0, 6, 68),
(396, 0, 0, 6, 69),
(397, 0, 0, 6, 33),
(398, 0, 0, 6, 34),
(399, 0, 0, 6, 70),
(400, 2, 8, 6, 36),
(401, 2, 13, 6, 37),
(402, 2, 18, 6, 38),
(403, 2, 23, 6, 39),
(404, 5, 43, 6, 40),
(405, 5, 48, 6, 41),
(406, 5, 53, 6, 42),
(407, 10, 78, 6, 44),
(408, 10, 83, 6, 45),
(409, 10, 88, 6, 46),
(410, 0, 0, 6, 71),
(411, 0, 0, 6, 72),
(412, 0, 0, 6, 73),
(413, 3, 28, 6, 51),
(414, 3, 33, 6, 52),
(415, 0, 0, 6, 76),
(416, 0, 0, 6, 77),
(417, 0, 0, 6, 78),
(418, 0, 0, 6, 79),
(419, 0, 0, 6, 80),
(420, 0, 0, 6, 81),
(421, 0, 0, 6, 82),
(422, 0, 0, 6, 83),
(423, 0, 0, 6, 84),
(424, 16, 118, 7, 5),
(425, 7, 68, 7, 6),
(426, 0, 0, 7, 7),
(427, 0, 0, 7, 57),
(428, 0, 0, 7, 58),
(429, 0, 0, 7, 59),
(430, 0, 0, 7, 60),
(431, 0, 0, 7, 61),
(432, 16, 116, 7, 14),
(433, 16, 128, 7, 15),
(434, 16, 123, 7, 16),
(435, 16, 128, 7, 17),
(436, 7, 68, 7, 18),
(437, 3, 38, 7, 19),
(438, 0, 0, 7, 62),
(439, 0, 0, 7, 63),
(440, 0, 0, 7, 64),
(441, 0, 0, 7, 33),
(442, 0, 0, 7, 34),
(443, 0, 0, 7, 70),
(444, 2, 8, 7, 36),
(445, 2, 13, 7, 37),
(446, 2, 18, 7, 38),
(447, 2, 23, 7, 39),
(448, 5, 43, 7, 40),
(449, 5, 48, 7, 41),
(450, 5, 53, 7, 42),
(451, 10, 78, 7, 44),
(452, 10, 83, 7, 45),
(453, 10, 88, 7, 46),
(454, 0, 0, 7, 71),
(455, 0, 0, 7, 72),
(456, 0, 0, 7, 73),
(457, 3, 28, 7, 51),
(458, 3, 33, 7, 52),
(459, 0, 0, 7, 76),
(460, 0, 0, 7, 77),
(461, 0, 0, 7, 78),
(462, 0, 0, 7, 79),
(463, 0, 0, 7, 80),
(464, 0, 0, 7, 81),
(465, 0, 0, 7, 82),
(466, 0, 0, 7, 83),
(467, 0, 0, 7, 84),
(468, 6, 58, 4, 2),
(469, 6, 63, 4, 3),
(470, 16, 118, 4, 5),
(471, 7, 68, 4, 6),
(472, 0, 0, 4, 7),
(473, 0, 0, 4, 57),
(474, 11, 93, 4, 9),
(475, 0, 0, 4, 10),
(476, 0, 0, 4, 11),
(477, 0, 0, 4, 12),
(478, 0, 0, 4, 58),
(479, 0, 0, 4, 59),
(480, 0, 0, 4, 60),
(481, 0, 0, 4, 61),
(482, 16, 116, 4, 14),
(483, 16, 128, 4, 15),
(484, 16, 123, 4, 16),
(485, 16, 128, 4, 17),
(486, 7, 68, 4, 18),
(487, 3, 38, 4, 19),
(488, 0, 0, 4, 62),
(489, 0, 0, 4, 63),
(490, 0, 0, 4, 64),
(491, 13, 152, 4, 21),
(492, 13, 153, 4, 22),
(493, 13, 154, 4, 23),
(494, 13, 155, 4, 24),
(495, 0, 0, 4, 65),
(496, 0, 0, 4, 66),
(497, 0, 0, 4, 67),
(498, 0, 0, 4, 68),
(499, 0, 0, 4, 69),
(500, 0, 0, 4, 33),
(501, 0, 0, 4, 34),
(502, 0, 0, 4, 70),
(503, 2, 8, 4, 36),
(504, 2, 13, 4, 37),
(505, 2, 18, 4, 38),
(506, 2, 23, 4, 39),
(507, 5, 43, 4, 40),
(508, 5, 48, 4, 41),
(509, 5, 53, 4, 42),
(510, 10, 78, 4, 44),
(511, 10, 83, 4, 45),
(512, 10, 88, 4, 46),
(513, 0, 0, 4, 71),
(514, 0, 0, 4, 72),
(515, 0, 0, 4, 73),
(516, 0, 0, 4, 48),
(517, 0, 0, 4, 49),
(518, 3, 28, 4, 51),
(519, 3, 33, 4, 52),
(520, 0, 0, 4, 76),
(521, 0, 0, 4, 77),
(522, 0, 0, 4, 78),
(523, 0, 0, 4, 79),
(524, 0, 0, 4, 80),
(525, 0, 0, 4, 81),
(526, 0, 0, 4, 82),
(527, 0, 0, 4, 83),
(528, 0, 0, 4, 84),
(529, 0, 0, 4, 85),
(592, 6, 58, 9, 2),
(593, 6, 63, 9, 3),
(594, 16, 118, 9, 5),
(595, 7, 68, 9, 6),
(596, 0, 0, 9, 7),
(597, 0, 0, 9, 57),
(598, 11, 93, 9, 9),
(599, 0, 0, 9, 10),
(600, 0, 0, 9, 11),
(601, 0, 0, 9, 12),
(602, 0, 0, 9, 58),
(603, 0, 0, 9, 59),
(604, 0, 0, 9, 60),
(605, 0, 0, 9, 61),
(606, 16, 116, 9, 14),
(607, 16, 128, 9, 15),
(608, 16, 123, 9, 16),
(609, 16, 128, 9, 17),
(610, 7, 68, 9, 18),
(611, 3, 38, 9, 19),
(612, 0, 0, 9, 62),
(613, 0, 0, 9, 63),
(614, 0, 0, 9, 64),
(615, 13, 152, 9, 21),
(616, 13, 153, 9, 22),
(617, 13, 154, 9, 23),
(618, 13, 155, 9, 24),
(619, 0, 0, 9, 65),
(620, 0, 0, 9, 66),
(621, 0, 0, 9, 67),
(622, 0, 0, 9, 68),
(623, 0, 0, 9, 69),
(624, 0, 0, 9, 33),
(625, 0, 0, 9, 34),
(626, 0, 0, 9, 70),
(627, 2, 8, 9, 36),
(628, 2, 13, 9, 37),
(629, 2, 18, 9, 38),
(630, 2, 23, 9, 39),
(631, 5, 43, 9, 40),
(632, 5, 48, 9, 41),
(633, 5, 53, 9, 42),
(634, 10, 78, 9, 44),
(635, 10, 83, 9, 45),
(636, 10, 88, 9, 46),
(637, 0, 0, 9, 71),
(638, 0, 0, 9, 72),
(639, 0, 0, 9, 73),
(640, 0, 0, 9, 48),
(641, 0, 0, 9, 49),
(642, 3, 28, 9, 51),
(643, 3, 33, 9, 52),
(644, 0, 0, 9, 76),
(645, 0, 0, 9, 77),
(646, 0, 0, 9, 78),
(647, 0, 0, 9, 79),
(648, 0, 0, 9, 80),
(649, 0, 0, 9, 81),
(650, 0, 0, 9, 82),
(651, 0, 0, 9, 83),
(652, 0, 0, 9, 84),
(653, 0, 0, 9, 85),
(717, 6, 58, 10, 2),
(718, 6, 63, 10, 3),
(719, 16, 118, 10, 5),
(720, 7, 68, 10, 6),
(721, 0, 0, 10, 7),
(722, 11, 93, 10, 9),
(723, 0, 0, 10, 10),
(724, 0, 0, 10, 11),
(725, 0, 0, 10, 12),
(726, 0, 0, 10, 58),
(727, 0, 0, 10, 59),
(728, 0, 0, 10, 60),
(729, 0, 0, 10, 61),
(730, 0, 0, 10, 65),
(731, 0, 0, 10, 66),
(732, 0, 0, 10, 67),
(733, 0, 0, 10, 68),
(734, 0, 0, 10, 69),
(735, 0, 0, 10, 86),
(736, 0, 0, 10, 33),
(737, 0, 0, 10, 34),
(738, 0, 0, 10, 70),
(739, 2, 8, 10, 36),
(740, 2, 13, 10, 37),
(741, 2, 18, 10, 38),
(742, 2, 23, 10, 39),
(743, 5, 43, 10, 40),
(744, 5, 48, 10, 41),
(745, 5, 53, 10, 42),
(746, 10, 78, 10, 44),
(747, 10, 83, 10, 45),
(748, 10, 88, 10, 46),
(749, 0, 0, 10, 71),
(750, 0, 0, 10, 72),
(751, 0, 0, 10, 73),
(752, 3, 28, 10, 51),
(753, 3, 33, 10, 52),
(754, 0, 0, 10, 76),
(755, 0, 0, 10, 77),
(756, 0, 0, 10, 78),
(757, 0, 0, 10, 79),
(758, 0, 0, 10, 80),
(759, 0, 0, 10, 81),
(760, 0, 0, 10, 82),
(761, 0, 0, 10, 83),
(762, 0, 0, 10, 84),
(763, 0, 0, 10, 85),
(1047, 0, 0, 11, 60),
(1048, 16, 116, 11, 14),
(1049, 16, 128, 11, 15),
(1050, 16, 123, 11, 16),
(1051, 16, 128, 11, 17),
(1052, 7, 68, 11, 18),
(1053, 3, 38, 11, 19),
(1054, 2, 8, 11, 36),
(1055, 2, 13, 11, 37),
(1056, 2, 18, 11, 38),
(1057, 2, 23, 11, 39),
(1058, 5, 43, 11, 40),
(1059, 5, 48, 11, 41),
(1060, 5, 53, 11, 42),
(1061, 10, 78, 11, 44),
(1062, 10, 83, 11, 45),
(1063, 10, 88, 11, 46),
(1064, 3, 28, 11, 51),
(1065, 3, 33, 11, 52),
(1066, 0, 0, 11, 76),
(1067, 0, 0, 11, 79),
(1068, 0, 0, 11, 84),
(1193, 6, 58, 15, 2),
(1194, 6, 63, 15, 3),
(1195, 0, 0, 15, 7),
(1196, 0, 0, 15, 57),
(1197, 11, 93, 15, 9),
(1198, 0, 0, 15, 10),
(1199, 0, 0, 15, 11),
(1200, 0, 0, 15, 12),
(1201, 0, 0, 15, 58),
(1202, 0, 0, 15, 59),
(1203, 0, 0, 15, 60),
(1204, 0, 0, 15, 61),
(1205, 16, 118, 15, 5),
(1206, 7, 68, 15, 6),
(1207, 16, 116, 15, 14),
(1208, 16, 128, 15, 15),
(1209, 16, 123, 15, 16),
(1210, 16, 128, 15, 17),
(1211, 7, 68, 15, 18),
(1212, 3, 38, 15, 19),
(1213, 0, 0, 15, 62),
(1214, 0, 0, 15, 63),
(1215, 0, 0, 15, 64),
(1216, 13, 152, 15, 21),
(1217, 13, 153, 15, 22),
(1218, 13, 154, 15, 23),
(1219, 13, 155, 15, 24),
(1220, 0, 0, 15, 65),
(1221, 0, 0, 15, 66),
(1222, 0, 0, 15, 67),
(1223, 0, 0, 15, 68),
(1224, 0, 0, 15, 69),
(1225, 0, 0, 15, 86),
(1226, 0, 0, 15, 33),
(1227, 0, 0, 15, 34),
(1228, 0, 0, 15, 70),
(1229, 2, 8, 15, 36),
(1230, 2, 13, 15, 37),
(1231, 2, 18, 15, 38),
(1232, 2, 23, 15, 39),
(1233, 5, 43, 15, 40),
(1234, 5, 48, 15, 41),
(1235, 5, 53, 15, 42),
(1236, 10, 78, 15, 44),
(1237, 10, 83, 15, 45),
(1238, 10, 88, 15, 46),
(1239, 0, 0, 15, 71),
(1240, 0, 0, 15, 72),
(1241, 0, 0, 15, 73),
(1242, 0, 0, 15, 48),
(1243, 0, 0, 15, 49),
(1244, 3, 28, 15, 51),
(1245, 3, 33, 15, 52),
(1246, 0, 0, 15, 76),
(1247, 0, 0, 15, 77),
(1248, 0, 0, 15, 78),
(1249, 0, 0, 15, 79),
(1250, 0, 0, 15, 80),
(1251, 0, 0, 15, 81),
(1252, 0, 0, 15, 82),
(1253, 0, 0, 15, 83),
(1254, 0, 0, 15, 84),
(1255, 0, 0, 15, 85),
(1256, 0, 0, 15, 88),
(1257, 6, 58, 16, 2),
(1258, 6, 63, 16, 3),
(1259, 0, 0, 16, 7),
(1260, 0, 0, 16, 57),
(1261, 11, 93, 16, 9),
(1262, 0, 0, 16, 10),
(1263, 0, 0, 16, 11),
(1264, 0, 0, 16, 12),
(1265, 0, 0, 16, 58),
(1266, 0, 0, 16, 59),
(1267, 0, 0, 16, 60),
(1268, 0, 0, 16, 61),
(1269, 16, 118, 16, 5),
(1270, 7, 68, 16, 6),
(1271, 16, 116, 16, 14),
(1272, 16, 128, 16, 15),
(1273, 16, 123, 16, 16),
(1274, 16, 128, 16, 17),
(1275, 7, 68, 16, 18),
(1276, 3, 38, 16, 19),
(1277, 0, 0, 16, 62),
(1278, 0, 0, 16, 63),
(1279, 0, 0, 16, 64),
(1280, 13, 152, 16, 21),
(1281, 13, 153, 16, 22),
(1282, 13, 154, 16, 23),
(1283, 13, 155, 16, 24),
(1284, 0, 0, 16, 65),
(1285, 0, 0, 16, 66),
(1286, 0, 0, 16, 67),
(1287, 0, 0, 16, 68),
(1288, 0, 0, 16, 69),
(1289, 0, 0, 16, 86),
(1290, 0, 0, 16, 33),
(1291, 0, 0, 16, 34),
(1292, 0, 0, 16, 70),
(1293, 2, 8, 16, 36),
(1294, 2, 13, 16, 37),
(1295, 2, 18, 16, 38),
(1296, 2, 23, 16, 39),
(1297, 5, 43, 16, 40),
(1298, 5, 48, 16, 41),
(1299, 5, 53, 16, 42),
(1300, 10, 78, 16, 44),
(1301, 10, 83, 16, 45),
(1302, 10, 88, 16, 46),
(1303, 0, 0, 16, 71),
(1304, 0, 0, 16, 72),
(1305, 0, 0, 16, 73),
(1306, 0, 0, 16, 48),
(1307, 0, 0, 16, 49),
(1308, 3, 28, 16, 51),
(1309, 3, 33, 16, 52),
(1310, 0, 0, 16, 76),
(1311, 0, 0, 16, 77),
(1312, 0, 0, 16, 78),
(1313, 0, 0, 16, 79),
(1314, 0, 0, 16, 80),
(1315, 0, 0, 16, 81),
(1316, 0, 0, 16, 82),
(1317, 0, 0, 16, 83),
(1318, 0, 0, 16, 84),
(1319, 0, 0, 16, 85),
(1320, 0, 0, 16, 88),
(1558, 6, 58, 8, 2),
(1559, 6, 63, 8, 3),
(1560, 0, 0, 8, 7),
(1561, 11, 93, 8, 9),
(1562, 0, 0, 8, 11),
(1563, 0, 0, 8, 12),
(1564, 0, 0, 8, 58),
(1565, 0, 0, 8, 59),
(1566, 0, 0, 8, 60),
(1567, 0, 0, 8, 61),
(1568, 16, 118, 8, 5),
(1569, 7, 68, 8, 6),
(1570, 16, 116, 8, 14),
(1571, 16, 128, 8, 15),
(1572, 16, 123, 8, 16),
(1573, 16, 128, 8, 17),
(1574, 7, 68, 8, 18),
(1575, 3, 38, 8, 19),
(1576, 0, 0, 8, 62),
(1577, 0, 0, 8, 63),
(1578, 0, 0, 8, 64),
(1579, 13, 152, 8, 21),
(1580, 13, 153, 8, 22),
(1581, 13, 154, 8, 23),
(1582, 13, 155, 8, 24),
(1583, 0, 0, 8, 65),
(1584, 0, 0, 8, 66),
(1585, 0, 0, 8, 67),
(1586, 0, 0, 8, 68),
(1587, 0, 0, 8, 69),
(1588, 0, 0, 8, 86),
(1589, 0, 0, 8, 33),
(1590, 0, 0, 8, 34),
(1591, 0, 0, 8, 70),
(1592, 2, 8, 8, 36),
(1593, 2, 13, 8, 37),
(1594, 2, 18, 8, 38),
(1595, 2, 23, 8, 39),
(1596, 5, 43, 8, 40),
(1597, 5, 48, 8, 41),
(1598, 5, 53, 8, 42),
(1599, 10, 78, 8, 44),
(1600, 10, 83, 8, 45),
(1601, 10, 88, 8, 46),
(1602, 0, 0, 8, 71),
(1603, 0, 0, 8, 72),
(1604, 0, 0, 8, 73),
(1605, 0, 0, 8, 48),
(1606, 0, 0, 8, 49),
(1607, 3, 28, 8, 51),
(1608, 3, 33, 8, 52),
(1609, 0, 0, 8, 76),
(1610, 0, 0, 8, 77),
(1611, 0, 0, 8, 78),
(1612, 0, 0, 8, 79),
(1613, 0, 0, 8, 80),
(1614, 0, 0, 8, 81),
(1615, 0, 0, 8, 82),
(1616, 0, 0, 8, 83),
(1617, 0, 0, 8, 84),
(1618, 0, 0, 8, 85),
(1619, 0, 0, 8, 88),
(1620, 0, 0, 8, 90),
(1621, 0, 0, 8, 91),
(1622, 0, 0, 8, 92),
(1623, 0, 0, 8, 93),
(1624, 0, 0, 8, 94),
(1625, 0, 0, 8, 95),
(1626, 0, 0, 8, 96),
(1627, 0, 0, 8, 104),
(1628, 0, 0, 8, 105),
(1629, 0, 0, 8, 106),
(1630, 0, 0, 8, 107),
(1631, 0, 0, 8, 108),
(1632, 0, 0, 8, 109),
(1633, 0, 0, 8, 110),
(1634, 0, 0, 8, 111),
(1635, 0, 0, 8, 112),
(1636, 0, 0, 8, 113),
(1637, 0, 0, 8, 114),
(1638, 0, 0, 8, 115),
(1639, 0, 0, 8, 116),
(1640, 0, 0, 8, 117),
(1641, 0, 0, 8, 118),
(1642, 0, 0, 8, 120),
(1643, 0, 0, 8, 121),
(1644, 0, 0, 8, 122),
(1645, 0, 0, 8, 123),
(1646, 0, 0, 8, 124),
(1647, 0, 0, 8, 125),
(1648, 0, 0, 8, 126),
(1649, 0, 0, 8, 128),
(1650, 0, 0, 8, 129),
(1651, 0, 0, 8, 130),
(1652, 0, 0, 8, 131),
(1653, 0, 0, 8, 132),
(1654, 0, 0, 8, 133),
(1655, 17, 168, 8, 135),
(1656, 17, 178, 8, 136),
(1657, 17, 183, 8, 137),
(1658, 17, 188, 8, 138),
(1659, 17, 186, 8, 139),
(1886, 0, 0, 14, 58),
(1887, 16, 118, 14, 5),
(1888, 16, 116, 14, 14),
(1889, 16, 128, 14, 15),
(1890, 16, 123, 14, 16),
(1891, 16, 128, 14, 17),
(1892, 7, 68, 14, 18),
(1893, 3, 38, 14, 19),
(1894, 0, 0, 14, 70),
(1895, 2, 8, 14, 36),
(1896, 2, 13, 14, 37),
(1897, 2, 18, 14, 38),
(1898, 2, 23, 14, 39),
(1899, 5, 43, 14, 40),
(1900, 5, 48, 14, 41),
(1901, 5, 53, 14, 42),
(1902, 10, 78, 14, 44),
(1903, 10, 83, 14, 45),
(1904, 10, 88, 14, 46),
(1905, 0, 0, 14, 71),
(1906, 0, 0, 14, 72),
(1907, 0, 0, 14, 73),
(1908, 6, 58, 12, 2),
(1909, 6, 63, 12, 3),
(1910, 0, 0, 12, 7),
(1911, 11, 93, 12, 9),
(1912, 0, 0, 12, 10),
(1913, 0, 0, 12, 11),
(1914, 0, 0, 12, 12),
(1915, 0, 0, 12, 58),
(1916, 0, 0, 12, 59),
(1917, 0, 0, 12, 60),
(1918, 0, 0, 12, 61),
(1919, 16, 118, 12, 5),
(1920, 7, 68, 12, 6),
(1921, 16, 116, 12, 14),
(1922, 16, 128, 12, 15),
(1923, 16, 123, 12, 16),
(1924, 16, 128, 12, 17),
(1925, 7, 68, 12, 18),
(1926, 3, 38, 12, 19),
(1927, 0, 0, 12, 62),
(1928, 0, 0, 12, 63),
(1929, 0, 0, 12, 64),
(1930, 13, 152, 12, 21),
(1931, 13, 153, 12, 22),
(1932, 13, 154, 12, 23),
(1933, 13, 155, 12, 24),
(1934, 0, 0, 12, 65),
(1935, 0, 0, 12, 66),
(1936, 0, 0, 12, 67),
(1937, 0, 0, 12, 68),
(1938, 0, 0, 12, 69),
(1939, 0, 0, 12, 86),
(1940, 0, 0, 12, 33),
(1941, 0, 0, 12, 34),
(1942, 0, 0, 12, 70),
(1943, 2, 8, 12, 36),
(1944, 2, 13, 12, 37),
(1945, 2, 18, 12, 38),
(1946, 2, 23, 12, 39),
(1947, 5, 43, 12, 40),
(1948, 5, 48, 12, 41),
(1949, 5, 53, 12, 42),
(1950, 10, 78, 12, 44),
(1951, 10, 83, 12, 45),
(1952, 10, 88, 12, 46),
(1953, 0, 0, 12, 71),
(1954, 0, 0, 12, 72),
(1955, 0, 0, 12, 73),
(1956, 0, 0, 12, 48),
(1957, 0, 0, 12, 49),
(1958, 3, 28, 12, 51),
(1959, 3, 33, 12, 52),
(1960, 0, 0, 12, 76),
(1961, 0, 0, 12, 77),
(1962, 0, 0, 12, 78),
(1963, 0, 0, 12, 79),
(1964, 0, 0, 12, 80),
(1965, 0, 0, 12, 81),
(1966, 0, 0, 12, 82),
(1967, 0, 0, 12, 83),
(1968, 0, 0, 12, 84),
(1969, 0, 0, 12, 85),
(1970, 0, 0, 12, 88),
(1971, 0, 0, 12, 90),
(1972, 0, 0, 12, 91),
(1973, 0, 0, 12, 92),
(1974, 0, 0, 12, 93),
(1975, 0, 0, 12, 94),
(1976, 0, 0, 12, 95),
(1977, 0, 0, 12, 96),
(1978, 0, 0, 12, 98),
(1979, 0, 0, 12, 99),
(1980, 0, 0, 12, 100),
(1981, 0, 0, 12, 101),
(1982, 0, 0, 12, 102),
(1983, 0, 0, 12, 104),
(1984, 0, 0, 12, 105),
(1985, 0, 0, 12, 106),
(1986, 0, 0, 12, 107),
(1987, 0, 0, 12, 108),
(1988, 0, 0, 12, 109),
(1989, 0, 0, 12, 110),
(1990, 0, 0, 12, 111),
(1991, 0, 0, 12, 112),
(1992, 0, 0, 12, 113),
(1993, 0, 0, 12, 114),
(1994, 0, 0, 12, 115),
(1995, 0, 0, 12, 116),
(1996, 0, 0, 12, 117),
(1997, 0, 0, 12, 118),
(1998, 0, 0, 12, 120),
(1999, 0, 0, 12, 121),
(2000, 0, 0, 12, 122),
(2001, 0, 0, 12, 123),
(2002, 0, 0, 12, 124),
(2003, 0, 0, 12, 125),
(2004, 0, 0, 12, 126),
(2005, 0, 0, 12, 128),
(2006, 0, 0, 12, 129),
(2007, 0, 0, 12, 130),
(2008, 0, 0, 12, 131),
(2009, 0, 0, 12, 132),
(2010, 0, 0, 12, 133),
(2011, 17, 168, 12, 135),
(2012, 17, 178, 12, 136),
(2013, 17, 183, 12, 137),
(2014, 17, 188, 12, 138),
(2015, 17, 186, 12, 139),
(2016, 6, 58, 17, 2),
(2017, 6, 63, 17, 3),
(2018, 0, 0, 17, 7),
(2019, 0, 0, 17, 57),
(2020, 11, 93, 17, 9),
(2021, 0, 0, 17, 10),
(2022, 0, 0, 17, 11),
(2023, 0, 0, 17, 12),
(2024, 0, 0, 17, 58),
(2025, 0, 0, 17, 59),
(2026, 0, 0, 17, 60),
(2027, 0, 0, 17, 61),
(2028, 16, 118, 17, 5),
(2029, 7, 68, 17, 6),
(2030, 16, 116, 17, 14),
(2031, 16, 128, 17, 15),
(2032, 16, 123, 17, 16),
(2033, 16, 128, 17, 17),
(2034, 7, 68, 17, 18),
(2035, 3, 38, 17, 19),
(2036, 0, 0, 17, 62),
(2037, 0, 0, 17, 63),
(2038, 0, 0, 17, 64),
(2039, 0, 0, 17, 140),
(2040, 0, 0, 17, 141),
(2041, 13, 152, 17, 21),
(2042, 13, 153, 17, 22),
(2043, 13, 154, 17, 23),
(2044, 13, 155, 17, 24),
(2045, 0, 0, 17, 65),
(2046, 0, 0, 17, 66),
(2047, 0, 0, 17, 67),
(2048, 0, 0, 17, 68),
(2049, 0, 0, 17, 69),
(2050, 0, 0, 17, 86),
(2051, 0, 0, 17, 33),
(2052, 0, 0, 17, 34),
(2053, 0, 0, 17, 70),
(2054, 2, 8, 17, 36),
(2055, 2, 13, 17, 37),
(2056, 2, 18, 17, 38),
(2057, 2, 23, 17, 39),
(2058, 5, 43, 17, 40),
(2059, 5, 48, 17, 41),
(2060, 5, 53, 17, 42),
(2061, 10, 78, 17, 44),
(2062, 10, 83, 17, 45),
(2063, 10, 88, 17, 46),
(2064, 0, 0, 17, 71),
(2065, 0, 0, 17, 72),
(2066, 0, 0, 17, 73),
(2067, 0, 0, 17, 48),
(2068, 0, 0, 17, 49),
(2069, 3, 28, 17, 51),
(2070, 3, 33, 17, 52),
(2071, 0, 0, 17, 76),
(2072, 0, 0, 17, 77),
(2073, 0, 0, 17, 78),
(2074, 0, 0, 17, 79),
(2075, 0, 0, 17, 80),
(2076, 0, 0, 17, 81),
(2077, 0, 0, 17, 82),
(2078, 0, 0, 17, 83),
(2079, 0, 0, 17, 84),
(2080, 0, 0, 17, 85),
(2081, 0, 0, 17, 88),
(2082, 0, 0, 17, 90),
(2083, 0, 0, 17, 91),
(2084, 0, 0, 17, 92),
(2085, 0, 0, 17, 93),
(2086, 0, 0, 17, 94),
(2087, 0, 0, 17, 95),
(2088, 0, 0, 17, 96),
(2089, 0, 0, 17, 98),
(2090, 0, 0, 17, 99),
(2091, 0, 0, 17, 100),
(2092, 0, 0, 17, 101),
(2093, 0, 0, 17, 102),
(2094, 0, 0, 17, 104),
(2095, 0, 0, 17, 105),
(2096, 0, 0, 17, 106),
(2097, 0, 0, 17, 107),
(2098, 0, 0, 17, 108),
(2099, 0, 0, 17, 109),
(2100, 0, 0, 17, 110),
(2101, 0, 0, 17, 111),
(2102, 0, 0, 17, 112),
(2103, 0, 0, 17, 113),
(2104, 0, 0, 17, 114),
(2105, 0, 0, 17, 115),
(2106, 0, 0, 17, 116),
(2107, 0, 0, 17, 117),
(2108, 0, 0, 17, 118),
(2109, 0, 0, 17, 120),
(2110, 0, 0, 17, 121),
(2111, 0, 0, 17, 122),
(2112, 0, 0, 17, 123),
(2113, 0, 0, 17, 124),
(2114, 0, 0, 17, 125),
(2115, 0, 0, 17, 126),
(2116, 0, 0, 17, 128),
(2117, 0, 0, 17, 129),
(2118, 0, 0, 17, 130),
(2119, 0, 0, 17, 131),
(2120, 0, 0, 17, 132),
(2121, 0, 0, 17, 133),
(2122, 17, 168, 17, 135),
(2123, 17, 178, 17, 136),
(2124, 17, 183, 17, 137),
(2125, 17, 188, 17, 138),
(2126, 17, 186, 17, 139),
(2127, 6, 58, 18, 2),
(2128, 6, 63, 18, 3),
(2129, 0, 0, 18, 7),
(2130, 0, 0, 18, 57),
(2131, 11, 93, 18, 9),
(2132, 0, 0, 18, 10),
(2133, 0, 0, 18, 11),
(2134, 0, 0, 18, 12),
(2135, 0, 0, 18, 58),
(2136, 0, 0, 18, 59),
(2137, 0, 0, 18, 60),
(2138, 0, 0, 18, 61),
(2139, 16, 118, 18, 5),
(2140, 7, 68, 18, 6),
(2141, 16, 116, 18, 14),
(2142, 16, 128, 18, 15),
(2143, 16, 123, 18, 16),
(2144, 16, 128, 18, 17),
(2145, 7, 68, 18, 18),
(2146, 3, 38, 18, 19),
(2147, 0, 0, 18, 62),
(2148, 0, 0, 18, 63),
(2149, 0, 0, 18, 64),
(2150, 0, 0, 18, 140),
(2151, 0, 0, 18, 141),
(2152, 13, 152, 18, 21),
(2153, 13, 153, 18, 22),
(2154, 13, 154, 18, 23),
(2155, 13, 155, 18, 24),
(2156, 0, 0, 18, 65),
(2157, 0, 0, 18, 66),
(2158, 0, 0, 18, 67),
(2159, 0, 0, 18, 68),
(2160, 0, 0, 18, 69),
(2161, 0, 0, 18, 86),
(2162, 0, 0, 18, 33),
(2163, 0, 0, 18, 34),
(2164, 0, 0, 18, 70),
(2165, 2, 8, 18, 36),
(2166, 2, 13, 18, 37),
(2167, 2, 18, 18, 38),
(2168, 2, 23, 18, 39),
(2169, 5, 43, 18, 40),
(2170, 5, 48, 18, 41),
(2171, 5, 53, 18, 42),
(2172, 10, 78, 18, 44),
(2173, 10, 83, 18, 45),
(2174, 10, 88, 18, 46),
(2175, 0, 0, 18, 71),
(2176, 0, 0, 18, 72),
(2177, 0, 0, 18, 73),
(2178, 3, 28, 18, 51),
(2179, 3, 33, 18, 52),
(2180, 0, 0, 18, 76),
(2181, 0, 0, 18, 77),
(2182, 0, 0, 18, 78),
(2183, 0, 0, 18, 79),
(2184, 0, 0, 18, 80),
(2185, 0, 0, 18, 81),
(2186, 0, 0, 18, 82),
(2187, 0, 0, 18, 83),
(2188, 0, 0, 18, 84),
(2189, 0, 0, 18, 85),
(2190, 0, 0, 18, 90),
(2191, 0, 0, 18, 91),
(2192, 0, 0, 18, 92),
(2193, 0, 0, 18, 93),
(2194, 0, 0, 18, 94),
(2195, 0, 0, 18, 95),
(2196, 0, 0, 18, 96),
(2197, 0, 0, 18, 104),
(2198, 0, 0, 18, 105),
(2199, 0, 0, 18, 106),
(2200, 0, 0, 18, 107),
(2201, 0, 0, 18, 108),
(2202, 0, 0, 18, 109),
(2203, 0, 0, 18, 110),
(2204, 0, 0, 18, 111),
(2205, 0, 0, 18, 112),
(2206, 0, 0, 18, 113),
(2207, 0, 0, 18, 114),
(2208, 0, 0, 18, 115),
(2209, 0, 0, 18, 116),
(2210, 0, 0, 18, 117),
(2211, 0, 0, 18, 118),
(2212, 0, 0, 18, 120),
(2213, 0, 0, 18, 121),
(2214, 0, 0, 18, 122),
(2215, 0, 0, 18, 123),
(2216, 0, 0, 18, 124),
(2217, 0, 0, 18, 125),
(2218, 0, 0, 18, 126),
(2219, 0, 0, 18, 128),
(2220, 0, 0, 18, 129),
(2221, 0, 0, 18, 130),
(2222, 0, 0, 18, 131),
(2223, 0, 0, 18, 132),
(2224, 0, 0, 18, 133),
(2225, 17, 168, 18, 135),
(2226, 17, 178, 18, 136),
(2227, 17, 183, 18, 137),
(2228, 17, 188, 18, 138),
(2229, 17, 186, 18, 139);

-- --------------------------------------------------------

--
-- Table structure for table `role`
--

CREATE TABLE IF NOT EXISTS `role` (
  `id` int(11) NOT NULL AUTO_INCREMENT,
  `parent_id` int(11) NOT NULL,
  `name` varchar(45) DEFAULT NULL,
  `can_approve` int(2) NOT NULL DEFAULT '0',
  `status` int(2) DEFAULT '1',
  `createddate` datetime DEFAULT NULL,
  `deleted` int(2) DEFAULT '0',
  `approved` varchar(45) DEFAULT NULL,
  `approvedby` int(11) DEFAULT NULL,
  `schoolid` int(11) DEFAULT NULL,
  `modifieddate` date NOT NULL,
  `modifiedby` int(11) NOT NULL,
  `createdby` datetime DEFAULT NULL,
  PRIMARY KEY (`id`)
) ENGINE=MyISAM  DEFAULT CHARSET=latin1 AUTO_INCREMENT=19 ;

--
-- Dumping data for table `role`
--

INSERT INTO `role` (`id`, `parent_id`, `name`, `can_approve`, `status`, `createddate`, `deleted`, `approved`, `approvedby`, `schoolid`, `modifieddate`, `modifiedby`, `createdby`) VALUES
(1, 0, 'test role', 0, 1, '2016-02-07 19:27:54', 1, NULL, NULL, 1, '2016-02-14', 1, '0000-00-00 00:00:00'),
(2, 0, 'Class Teacher', 0, 1, '2016-02-14 19:48:12', 0, '1', 1, 1, '2016-02-21', 1, '0000-00-00 00:00:00'),
(3, 0, 'Supervisor', 0, 1, '2016-02-14 19:50:04', 0, '1', 1, 1, '2016-02-21', 1, '0000-00-00 00:00:00'),
(4, 0, 'DPS School Admin', 1, 1, '2016-02-21 08:44:06', 0, '1', 1, 3, '2016-02-21', 1, '0000-00-00 00:00:00'),
(5, 0, 'Jain School Admin', 1, 1, '2016-02-21 13:03:36', 0, '1', 1, 4, '2016-02-21', 1, '0000-00-00 00:00:00'),
(6, 5, 'Principal', 0, 1, '2016-02-21 15:30:26', 0, '1', 10, 4, '2016-02-21', 10, '0000-00-00 00:00:00'),
(7, 5, 'Teacher', 0, 1, '2016-02-21 15:31:07', 0, '1', 10, 4, '2016-02-21', 10, '0000-00-00 00:00:00'),
(8, 0, 'AMS Admin', 1, 1, '2016-02-22 09:50:45', 0, '1', 1, 5, '2016-02-22', 13, '0000-00-00 00:00:00'),
(9, 0, 'Head', 1, 1, '2016-02-22 10:22:07', 1, '1', 1, 5, '2016-02-22', 13, '0000-00-00 00:00:00'),
(10, 0, 'Head school', 0, 1, '2016-02-22 16:15:01', 0, '1', 13, 5, '2016-02-22', 13, '0000-00-00 00:00:00'),
(11, 0, 'Teaching', 0, 1, '2016-02-22 16:26:42', 0, '1', 13, 5, '2016-02-22', 13, '0000-00-00 00:00:00'),
(12, 0, 'OMS Admin', 1, 1, '2016-02-23 10:52:00', 0, '1', 25, 6, '2016-02-23', 25, '0000-00-00 00:00:00'),
(13, 0, 'Admin', 0, 1, '2016-02-23 11:41:30', 1, NULL, NULL, 6, '2016-02-23', 25, '0000-00-00 00:00:00'),
(14, 0, 'School Teacher', 0, 1, '2016-02-23 11:53:18', 0, '1', 25, 6, '2016-02-23', 25, '0000-00-00 00:00:00'),
(15, 0, 'Admin Test', 0, 1, '2016-03-04 15:40:42', 1, '1', 1, 7, '2016-03-06', 1, '0000-00-00 00:00:00'),
(16, 0, 'Admin Texting', 1, 1, '2016-03-06 19:46:48', 1, '1', 1, 8, '2016-03-07', 147, '0000-00-00 00:00:00'),
(17, 0, 'Admin Texting', 1, 1, '2016-03-07 08:48:30', 0, '1', 1, 8, '2016-03-12', 1, '0000-00-00 00:00:00'),
(18, 0, 'SDI School Admin', 0, 1, '2017-02-18 08:27:11', 0, '1', 1, 9, '2017-02-18', 1, '0000-00-00 00:00:00');

-- --------------------------------------------------------

--
-- Table structure for table `school`
--

CREATE TABLE IF NOT EXISTS `school` (
  `id` int(11) NOT NULL AUTO_INCREMENT,
  `name` varchar(255) DEFAULT NULL,
  `ppFile` varchar(255) DEFAULT NULL,
  `address` varchar(255) DEFAULT NULL,
  `city` varchar(255) DEFAULT NULL,
  `state` varchar(45) DEFAULT NULL,
  `country` varchar(45) DEFAULT NULL,
  `LGA` varchar(200) NOT NULL,
  `zip` varchar(45) DEFAULT NULL,
  `mobile_phone` varchar(45) DEFAULT NULL,
  `home_phone` varchar(45) DEFAULT NULL,
  `phone3` varchar(45) DEFAULT NULL,
  `primary_email` varchar(45) DEFAULT NULL,
  `alternate_email` varchar(45) DEFAULT NULL,
  `email2` varchar(45) DEFAULT NULL,
  `description` text,
  `schoolcode` varchar(45) DEFAULT NULL,
  `estdate` date NOT NULL,
  `createddate` datetime DEFAULT NULL,
  `modifieddate` datetime DEFAULT NULL,
  `status` int(11) DEFAULT '1',
  `deleted` int(11) DEFAULT '0',
  `approved` varchar(45) DEFAULT NULL,
  `approvedby` int(11) DEFAULT NULL,
  `createdby` int(11) DEFAULT NULL,
  `modifiedby` int(11) DEFAULT NULL,
  PRIMARY KEY (`id`)
) ENGINE=MyISAM  DEFAULT CHARSET=latin1 AUTO_INCREMENT=10 ;

--
-- Dumping data for table `school`
--

INSERT INTO `school` (`id`, `name`, `ppFile`, `address`, `city`, `state`, `country`, `LGA`, `zip`, `mobile_phone`, `home_phone`, `phone3`, `primary_email`, `alternate_email`, `email2`, `description`, `schoolcode`, `estdate`, `createddate`, `modifieddate`, `status`, `deleted`, `approved`, `approvedby`, `createdby`, `modifiedby`) VALUES
(1, 'Dummy Test School ', NULL, '1-A-34 \r\nSTATE \r\nCITY\r\nCOUNTRY', 'City', 'KY', '231', '', NULL, '+1-12345612', '+1-12345612', NULL, 'info@dummyschool.com', 'admin@dummyschool.com', NULL, 'Dummy Test School Dummy Test School Dummy Test School Dummy Test School Dummy Test School Dummy Test School Dummy Test School Dummy Test School Dummy Test School Dummy Test School Dummy Test School Dummy Test School Dummy Test School Dummy Test School Dummy Test School Dummy Test School Dummy Test School Dummy Test School Dummy Test School Dummy Test School Dummy Test School Dummy Test School Dummy Test School Dummy Test School Dummy Test School Dummy Test School Dummy Test School Dummy Test School Dummy Test School Dummy Test School Dummy Test School Dummy Test School Dummy Test School Dummy Test School Dummy Test School Dummy Test School Dummy Test School Dummy Test School Dummy Test School Dummy Test School Dummy Test School Dummy Test School Dummy Test School Dummy Test School Dummy Test School Dummy Test School Dummy Test School Dummy Test School Dummy Test School Dummy Test School Dummy Test School Dummy Test School Dummy Test School Dummy Test School Dummy Test School Dummy Test School Dummy Test School Dummy Test School Dummy Test School Dummy Test School Dummy Test School Dummy Test School Dummy Test School ', 'DTS', '0000-00-00', '2016-02-06 22:16:11', '2016-02-22 10:15:22', 1, 1, '1', 1, 1, 1),
(2, 'Dummy One More', NULL, '', '', '', '', '', NULL, '', '', NULL, '', '', NULL, 'test', 'DOM', '0000-00-00', '2016-02-14 21:33:29', '2016-02-22 10:15:18', 1, 1, '1', 1, 1, 1),
(3, 'DPS', NULL, 'DPS', '', 'AL', '231', '', NULL, '12131', '23123123', NULL, 'DPS@DPS.com', 'DPS@DPS.com', NULL, 'DPS', 'DPS', '0000-00-00', '2016-02-21 08:42:02', '2016-02-22 10:15:11', 1, 1, '1', 1, 1, 1),
(4, 'Jain', NULL, '', '', '', '', '', NULL, 'Jain', 'Jain', NULL, '', '', NULL, 'Jain', 'Jain', '0000-00-00', '2016-02-21 13:02:28', '2016-02-22 10:15:26', 1, 1, '1', 1, 1, 1),
(5, 'Ashakeoki Memorial School', NULL, '53 Onitana Road off Iyun Road off Western Avenue Surulere', 'Lagos', '', '160', '', NULL, '08025667566', '08025667429', NULL, 't4teni@yahoo.com', '', NULL, 'Ashake Oki Memorial School was founded 23rd April 1983 by Mrs Taibat Abolore Sadiq. It was started off as 123 Day Nursery School back then of which her main aim was to develop the mental and intellectual ability of Pre-School age Children(2-5yrs) with the teaching aids of montessori educational apparatus. It gradually graduated to being a Nursery and Primary  school as the population of the school grew.Day in, day out, the school has continually made every bit of effort to maintain her standard and the output has been quite impressive.', 'AMS', '0000-00-00', '2016-02-22 09:45:41', '2016-02-22 09:46:04', 1, 0, '1', 1, 1, 1),
(6, 'Oakwood Montessori School', NULL, '22 Bode Thomas Street, Surulere. By Coconut Bus stop', 'Lagos', '', '160', '', NULL, '(080) 6338-9558', ' 01- 8448188 ', NULL, 'info@oakwoodmontessorischool.org', '', NULL, 'The Oakwood Montessori School was established in October, 2006. It is located at Plot 33 Adedamola Ojomu Close, Off Bode Thomas, Surulere, Lagos. It offers education for children aged 14 months to 11 years. It started off with only ten pupils in enrolment. At present, the school enrolment has risen to 220 pupils and 52 members of staff.\r\n\r\nIn Montessori Education, the environment is the key. All the classes are equipped to a very high standard to embrace full Montessori education, British and Nigerian curriculum. All the classes are stimulating and comfortable.', 'OMS', '0000-00-00', '2016-02-23 10:41:27', '2016-02-23 10:51:07', 1, 0, '1', 1, 1, 1),
(7, 'Texting school', NULL, '', '', '', '', '', NULL, '', '', NULL, '', '', NULL, 'Believe', 'Test', '0000-00-00', '2016-03-04 15:38:24', '2016-03-04 15:44:54', 1, 1, '1', 1, 1, 1),
(8, 'Skolasuite Testing', NULL, '', '', '', '160', '', NULL, '', '', NULL, '', '', NULL, 'Believe it and feel it', 'SST', '0000-00-00', '2016-03-06 19:28:20', '2016-03-28 22:37:56', 1, 0, '1', 1, 1, 1),
(9, 'SD International Public School ', NULL, 'SD International Public School Mulahi, Kanpur Dehat', 'Rura', 'California', '231', '', NULL, '9519860509', '9519860509', NULL, 'info@sdifamily.org', 'info@sdifamily.org', NULL, 'SD International Public School aims to create global citizens, who possess intercultural respect and understanding across the world. To this end, the school is committed to ignite the minds of the their students to dream big and possess valuable life skills. We endeavour to impart quality education that would transform the students into independent, resilient, socially sensitive learners for life, so that, they become individuals of value to the society.', 'SDI0001', '0000-00-00', '2017-02-18 08:22:04', '2017-02-18 08:22:25', 1, 0, '1', 1, 1, 1);

-- --------------------------------------------------------

--
-- Table structure for table `staff`
--

CREATE TABLE IF NOT EXISTS `staff` (
  `id` int(11) NOT NULL AUTO_INCREMENT,
  `Username` varchar(200) NOT NULL,
  `title` varchar(45) DEFAULT NULL,
  `firstname` varchar(45) DEFAULT NULL,
  `middlename` varchar(45) DEFAULT NULL,
  `lastname` varchar(45) DEFAULT NULL,
  `gender` varchar(45) DEFAULT NULL,
  `dob` date DEFAULT NULL,
  `photo` varchar(45) DEFAULT NULL,
  `primary_email` varchar(200) DEFAULT NULL,
  `alternate_email` varchar(200) DEFAULT NULL,
  `religion` varchar(45) DEFAULT NULL,
  `occupation` varchar(45) DEFAULT NULL,
  `maritalstatus` varchar(45) DEFAULT NULL,
  `mobile_phone` varchar(45) DEFAULT NULL,
  `home_phone` varchar(45) DEFAULT NULL,
  `address1` varchar(200) DEFAULT NULL,
  `address2` varchar(200) DEFAULT NULL,
  `city` varchar(45) DEFAULT NULL,
  `state` varchar(45) DEFAULT NULL,
  `lga` varchar(45) DEFAULT NULL,
  `country` varchar(45) DEFAULT NULL,
  `zip` varchar(45) DEFAULT NULL,
  `type` enum('P','S') DEFAULT NULL,
  `status` int(1) DEFAULT '1',
  `createdby` int(11) DEFAULT NULL,
  `modifiedby` int(11) DEFAULT NULL,
  `createddate` datetime DEFAULT NULL,
  `modifieddate` datetime DEFAULT NULL,
  `deleted` int(1) DEFAULT '0',
  `approved` varchar(45) DEFAULT NULL,
  `approvedby` int(11) DEFAULT NULL,
  `roleid` int(11) DEFAULT NULL,
  `loginid` int(11) NOT NULL,
  `positionid` int(11) NOT NULL,
  `specializationid` int(11) NOT NULL,
  `staff_class_id` int(11) DEFAULT NULL,
  PRIMARY KEY (`id`)
) ENGINE=MyISAM  DEFAULT CHARSET=latin1 AUTO_INCREMENT=62 ;

--
-- Dumping data for table `staff`
--

INSERT INTO `staff` (`id`, `Username`, `title`, `firstname`, `middlename`, `lastname`, `gender`, `dob`, `photo`, `primary_email`, `alternate_email`, `religion`, `occupation`, `maritalstatus`, `mobile_phone`, `home_phone`, `address1`, `address2`, `city`, `state`, `lga`, `country`, `zip`, `type`, `status`, `createdby`, `modifiedby`, `createddate`, `modifieddate`, `deleted`, `approved`, `approvedby`, `roleid`, `loginid`, `positionid`, `specializationid`, `staff_class_id`) VALUES
(3, 'test', 'Mr', 'test', 'test', 'Test', 'male', '0000-00-00', NULL, 'testuser@testuser.com', 'testuser@testuser.com', 'BUDDHIST', 'BUSINESSMAN', 'Married', '123123', '213123', 'sdsdsd', 'sdsdsd', 'city', 'LA', 'Married', '231', NULL, NULL, 1, 1, 1, '2016-01-20 15:42:02', '2016-02-07 20:37:35', 1, NULL, NULL, 1, 0, 3, 1, NULL),
(4, '', 'Miss', 'sad', 'sad', 'asd', 'FEMALE', '0000-00-00', NULL, '3123', '21321', 'BUDDHIST', 'BUSINESSMAN', 'Divorced', '21321', '321312', '3213', '213', 'Divorced', 'Divorced', 'Married', 'Married', NULL, NULL, NULL, 1, NULL, '2016-01-24 13:59:00', NULL, NULL, NULL, NULL, 1, 0, 28, 1, NULL),
(5, '', NULL, NULL, NULL, NULL, NULL, NULL, NULL, NULL, NULL, NULL, NULL, NULL, NULL, NULL, NULL, NULL, NULL, NULL, NULL, NULL, NULL, NULL, NULL, 1, NULL, '2016-01-24 15:03:26', NULL, NULL, NULL, NULL, NULL, 0, 0, 0, NULL),
(6, '', NULL, NULL, NULL, NULL, NULL, NULL, NULL, NULL, NULL, NULL, NULL, NULL, NULL, NULL, NULL, NULL, NULL, NULL, NULL, NULL, NULL, NULL, NULL, 1, NULL, '2016-01-24 15:03:38', NULL, NULL, NULL, NULL, NULL, 0, 0, 0, NULL),
(7, '', 'Mr', NULL, NULL, NULL, 'male', NULL, NULL, NULL, NULL, NULL, NULL, NULL, NULL, NULL, 'a@a.com', 'a@a.com', 'city', 'KY', NULL, 'US', NULL, NULL, NULL, 1, NULL, '2016-01-24 15:12:08', NULL, 0, NULL, NULL, 1, 0, 1, 1, NULL),
(8, '', 'Miss', NULL, NULL, NULL, 'male', NULL, NULL, NULL, NULL, NULL, NULL, NULL, NULL, NULL, 'testuser@a.com', 'testuser@a.com', 'sas', 'AK', NULL, 'NG', NULL, NULL, 1, 1, 1, '2016-01-24 15:15:35', '2016-01-24 15:24:33', 1, NULL, NULL, 1, 0, 1, 1, NULL),
(9, 'testusera', 'Mrs', 'name', 'name', 'name', 'male', NULL, NULL, 'testusera@testusera.com', 'testusera@testusera.com', 'BUDDHIST', NULL, 'Divorced', '23123123', '3123123', 'testusera@testusera.com', 'testusera@testusera.com', 'ccc', 'AK', NULL, 'NG', NULL, NULL, 1, 1, 1, '2016-01-24 15:25:17', '2016-02-07 20:37:33', 1, NULL, NULL, 1, 0, 1, 1, NULL),
(1, 'Admin', 'Mr', 'Admin', 'Admin', 'Admin', 'male', NULL, NULL, 'ae@aqsas.com', 'aea@aqsas.com', 'BUDDHIST', NULL, 'Divorced', '234234', '234234', 'Address', 'add2', 'city', 'KY', NULL, '231', NULL, NULL, 1, NULL, 1, NULL, '2016-02-07 20:37:34', 1, NULL, NULL, 1, 0, 1, 10, NULL),
(10, 'deepak', 'Miss', 'no', 'ni', 'hi', 'male', '2009-01-11', NULL, '', '', 'BUDDHIST', NULL, 'Married', '', '', 'x', 'x', 'srefff', 'IA', NULL, '231', NULL, NULL, 1, 1, 1, '2016-02-07 19:28:45', '2016-02-14 20:40:05', 1, NULL, NULL, 1, 0, 1, 1, NULL),
(11, 'TEACHER', 'Miss', 'Demo', 'Demo', 'Demo', 'male', '2016-02-02', NULL, '', '', 'BUDDHIST', NULL, 'Divorced', '', '', '', '', 'sdf', 'ID', NULL, '160', NULL, NULL, 1, 1, 13, '2016-02-14 20:41:19', '2016-02-22 10:16:56', 1, '1', 1, 2, 0, 3, 2, NULL),
(12, 'Supervisor ', 'Miss', 'Demo', 'Demo', 'Demo', 'female', '2009-01-04', NULL, '', '', 'BUDDHIST', NULL, 'Married', '', '', '', '', '', 'DC', NULL, '160', NULL, NULL, 1, 1, 13, '2016-02-14 20:42:25', '2016-02-22 10:23:10', 1, '1', 1, 3, 0, 3, 4, NULL),
(13, 'dpsadmin', 'Mr', 'dpsadmin', 'dpsadmin', 'dpsadmin', 'male', '2016-02-01', NULL, 'as@as.com', '', 'BUDDHIST', NULL, 'Divorced', '123123123', '123123213', 'dpsadmin', 'dpsadmin', 'wewe', 'DC', NULL, '160', NULL, NULL, 1, 1, 13, '2016-02-21 08:58:44', '2016-02-22 10:23:14', 1, '1', 8, 4, 0, 6, 1, NULL),
(14, 'jain', 'Miss', 'Jain', 'Jain', 'Jain', 'male', '2016-02-01', NULL, '', '', 'BUDDHIST', NULL, 'Divorced', '', '', '', '', '', '', NULL, '', NULL, NULL, 1, 1, 13, '2016-02-21 13:12:19', '2016-02-22 10:23:12', 1, '1', 1, 5, 0, 6, 1, NULL),
(15, 'admin', 'Ms', 'Ashakeoki', 'School', 'Memorial', 'female', '1983-08-02', NULL, 't4teni@yahoo.com', '', 'MUSLIM', NULL, 'Single', '08025667566', '08025667429', '', '', 'Lagos', 'LAGOS', 'SURULERE', '160', NULL, NULL, 1, 1, 1, '2016-02-22 10:01:58', '2016-03-11 18:02:19', 0, '1', 1, 8, 0, 4, 1, 0),
(16, 'damilola1', 'Mrs', 'Damilola', 'Tairat ', 'Sadiq', 'female', '2009-10-05', NULL, '', '', 'MUSLIM', NULL, 'Married', '', '', '', '', 'Lagos', '', NULL, '160', NULL, NULL, 1, 1, 13, '2016-02-22 11:13:08', '2016-02-22 16:16:15', 0, '1', 13, 10, 0, 3, 12, NULL),
(17, 'Oluwatosin2', 'Ms', 'Oluwatosin ', ' Morenike', 'Ogunsola ', 'female', '2016-02-08', NULL, '', '', 'CHRISTIAN', NULL, 'Married', '', '', '', '', 'Lagos', '', NULL, '160', NULL, NULL, 1, 14, 14, '2016-02-22 16:43:30', '2016-02-22 16:43:38', 0, '1', 14, 11, 0, 3, 4, NULL),
(18, 'Barnabas3', 'Mr', 'Barnabas ', 'Oluwafemi ', 'Akinbami', 'male', '2016-02-01', NULL, '', '', 'CHRISTIAN', NULL, 'Married', '', '', '', '', 'Lagos', '', NULL, '160', NULL, NULL, 1, 15, 15, '2016-02-22 16:53:56', '2016-02-22 16:54:12', 0, '1', 15, 11, 0, 3, 4, NULL),
(19, 'Nina4', 'Ms', 'Nina ', 'Uneanadu ', 'Fubara', 'female', '2016-02-03', NULL, '', '', 'CHRISTIAN', NULL, 'Single', '', '', '', '', 'Lagos', '', NULL, '160', NULL, NULL, 1, 16, 16, '2016-02-22 17:00:39', '2016-02-22 17:00:48', 0, '1', 16, 11, 0, 3, 4, NULL),
(20, 'Abisola5', 'Mrs', 'Abisola ', 'Janet', 'Akinjobi', 'female', '2016-02-06', NULL, '', '', 'CHRISTIAN', NULL, 'Married', '', '', '', '', 'Lagos', '', NULL, '160', NULL, NULL, 1, 17, 13, '2016-02-22 17:06:12', '2016-04-25 12:18:16', 0, '1', 13, 11, 0, 3, 4, NULL),
(21, 'Esther6', 'Mrs', 'Esther', 'Adaku', 'Eze', 'female', '2016-02-03', NULL, '', '', 'CHRISTIAN', NULL, 'Married', '', '', '', '', 'Lagos', '', NULL, '160', NULL, NULL, 1, 18, 18, '2016-02-22 17:11:23', '2016-02-22 17:11:28', 0, '1', 18, 11, 0, 3, 4, NULL),
(22, 'Rafiu7', 'Mr', 'Rafiu ', 'Olarigbigbe ', 'Salam', 'male', '2016-01-04', NULL, '', '', 'MUSLIM', NULL, 'Married', '', '', '', '', 'Lagos', '', NULL, '160', NULL, NULL, 1, 13, 13, '2016-02-23 08:03:29', '2016-04-25 12:18:13', 0, '1', 13, 11, 0, 10, 4, NULL),
(23, 'Olalekan8', 'Mr', 'Olalekan ', 'Olubukoye', 'Ojo', 'male', '2016-02-11', NULL, '', '', 'CHRISTIAN', NULL, 'Married', '', '', '', '', 'Lagos', '', NULL, '160', NULL, NULL, 1, 13, 13, '2016-02-23 08:17:33', '2016-02-23 08:17:39', 0, '1', 13, 11, 0, 3, 4, NULL),
(24, 'Abosede9', 'Miss', 'Abosede', 'Enitan', 'Adeniyi', 'female', '2016-02-05', NULL, 'rerr@gmail.com', 'qw@gmail.com', 'CHRISTIAN', NULL, 'Single', '3445554333', '334555554544', 'C1/324 JANATA FLAT SEC - 55  NOIDA', 'C1/324 JANATA FLAT SEC - 55  NOIDA', 'Lagos', '', NULL, '160', NULL, NULL, 1, 13, 1, '2016-02-23 08:23:27', '2016-03-13 17:47:52', 0, '1', 13, 11, 0, 3, 4, 0),
(25, 'Ambibola10', 'Ms', 'Damilola', 'Ambibola ', 'Olatunji', 'female', '2016-02-13', NULL, '', '', 'BUDDHIST', NULL, 'Single', '', '', '', '', 'Lagos', '', NULL, '160', NULL, NULL, 1, 22, 22, '2016-02-23 08:28:26', '2016-02-23 08:29:07', 0, '1', 22, 11, 0, 3, 4, NULL),
(26, 'Arit11', 'Miss', 'Arit ', 'Adidi ', 'Okon', 'female', '2016-02-08', NULL, '', '', 'CHRISTIAN', NULL, 'Married', '', '', '', '', 'Lagos', '', NULL, '160', NULL, NULL, 1, 23, 23, '2016-02-23 08:35:05', '2016-02-23 08:35:38', 0, '1', 23, 11, 0, 3, 4, NULL),
(27, 'OMSAdmin', 'Mrs', 'OAKWOOD', 'MONTESSORI', 'SCHOOL', 'female', '2006-10-02', NULL, 'test@test.com', 'test@test.com', 'CHRISTIAN', NULL, 'Married', '2342567', '', '', '', 'Lagos', 'LAGOS', 'SURULERE', '160', NULL, NULL, 1, 1, 1, '2016-02-23 10:59:38', '2016-03-11 18:14:42', 0, '1', 1, 12, 0, 6, 1, 0),
(28, 'cyndy1', 'Mrs', 'Oby', 'Cyndy', 'Abanonu ', 'female', '2016-02-05', NULL, 'simplycyndy@rocketmail.com', '', 'CHRISTIAN', NULL, 'Married', '08030522772', '', '', '', 'Lagos', '', NULL, '160', NULL, NULL, 1, 25, 27, '2016-02-23 12:35:59', '2016-02-23 12:50:01', 0, '1', 27, 14, 0, 11, 14, NULL),
(29, 'Adeniyi2', 'Mr', 'Adebesin ', 'Adebesin', 'Adeniyi ', 'male', '2016-02-11', NULL, 'ahmfl555@gmail.com', '', 'CHRISTIAN', NULL, 'Married', '08082067629 ', '', '', '', 'Lagos', '', NULL, '160', NULL, NULL, 1, 26, 27, '2016-02-23 12:43:23', '2016-02-23 12:49:53', 0, '1', 27, 14, 0, 11, 13, NULL),
(30, 'Bummi3', 'Mrs', 'Bunmi ', 'Bunmi ', 'Agbaje ', 'female', '2016-02-13', NULL, 'tweenies87@yahoo.com', '', 'CHRISTIAN', NULL, 'Married', '08022289271 ', '', '', '', 'Lagos', '', NULL, '160', NULL, NULL, 1, 27, 27, '2016-02-23 12:49:27', '2016-02-23 12:50:05', 0, '1', 27, 14, 0, 11, 13, NULL),
(31, 'Florence4', 'Miss', 'Florence ', 'Florence ', 'Ahamefule ', 'female', '2016-02-11', NULL, 'oziudo@yahoo.com', '', 'CHRISTIAN', NULL, 'Single', '08026666368 ', '', '', '', 'Lagos', '', NULL, '160', NULL, NULL, 1, 28, 25, '2016-02-23 12:57:03', '2016-05-27 13:43:48', 0, '0', 25, 14, 0, 11, 14, 0),
(32, 'Akunna5', 'Miss', 'Akunna ', 'Akunna', 'Ajaero  ', 'female', '2016-02-13', NULL, 'akunnaajaero@yahoo.com', '', 'CHRISTIAN', NULL, 'Single', '07063022379 	 ', '', '', '', 'Lagos', '', NULL, '160', NULL, NULL, 1, 29, 1, '2016-02-23 13:03:59', '2016-03-14 13:02:01', 1, '1', 29, 14, 0, 11, 14, NULL),
(33, 'Chika6', 'Mrs', 'Chika', 'Chika', 'Akabueze ', 'female', '2016-02-19', NULL, 'chika.akabueze@yahoo.com', '', 'CHRISTIAN', NULL, 'Married', '08033548781 	', '', '', '', 'Lagos', '', NULL, '160', NULL, NULL, 1, 30, 30, '2016-02-23 13:11:32', '2016-02-23 13:11:55', 0, '1', 30, 14, 0, 11, 14, NULL),
(34, 'Augustina7', 'Miss', 'Augustina ', 'Augustina ', 'Anumene', 'female', '2016-02-06', NULL, 'anumenechiji@yahoo.com', '', 'CHRISTIAN', NULL, 'Single', '08063739326 	', '', '', '', 'Lagos', '', NULL, '160', NULL, NULL, 1, 25, 25, '2016-02-23 13:19:19', '2016-02-23 13:20:29', 0, '1', 25, 14, 0, 11, 13, NULL),
(35, 'Chinyere8', 'Miss', 'Chinyere ', 'Chinyere ', 'Azuh ', 'female', '2016-02-15', NULL, 'azuh_chinyere@yahoo.com', '', 'CHRISTIAN', NULL, 'Single', '08093047841 	', '', '', '', 'Lagos', '', NULL, '160', NULL, NULL, 1, 32, 32, '2016-02-23 13:25:51', '2016-02-23 13:25:58', 0, '1', 32, 14, 0, 11, 13, NULL),
(36, 'Seliat9 ', 'Mrs', ' Seliat ', ' Ibironke ', 'Bashua ', 'female', '2016-02-14', NULL, 'seliatkoye@yahoo.com', '', 'MUSLIM', NULL, 'Divorced', '08034995113 	', '', '', '', 'Lagos', '', NULL, '160', NULL, NULL, 1, 33, 25, '2016-02-23 13:31:10', '2016-02-24 07:05:03', 1, '1', 33, 14, 0, 11, 14, NULL),
(37, 'ibironke9', 'Mrs', 'Seliat ', 'Ibironke ', 'Bashua ', 'female', '2016-02-12', NULL, 'seliatkoye@yahoo.com', '', 'CHRISTIAN', NULL, 'Married', '08034995113 ', '', '', '', 'Lagos', 'LAGOS', 'SURULERE', '160', NULL, NULL, 1, 25, 25, '2016-02-24 07:11:24', '2016-02-24 07:13:41', 0, '1', 25, 14, 0, 11, 14, NULL),
(38, 'Sunday10', 'Miss', 'Blessing ', 'Sunday ', 'Charlie ', 'female', '2016-02-13', NULL, 'prettysmilebc@gmail.com', '', 'CHRISTIAN', NULL, 'Married', '08069456615', '', '', '', 'Lagos', 'LAGOS', 'SURULERE', '160', NULL, NULL, 1, 25, 25, '2016-02-24 07:21:49', '2016-02-24 07:22:04', 0, '1', 25, 14, 0, 11, 14, NULL),
(39, 'Irene11', 'Miss', 'Maryanne ', ' Irene ', 'Edosomwan ', 'female', '2016-02-18', NULL, 'edosomeone@yahoo.com', '', 'CHRISTIAN', NULL, 'Single', '08136933093 ', '', '', '', 'Lagos', 'LAGOS', 'LAGOS MAINLAND', '160', NULL, NULL, 1, 25, 25, '2016-02-24 10:10:27', '2016-02-24 10:10:42', 0, '1', 25, 14, 0, 11, 14, NULL),
(40, 'Chioma12', 'Mrs', ' Chioma ', 'Comfort ', 'Emmanuel ', 'female', '2016-02-14', NULL, 'chiomysky@gmail.com', '', 'CHRISTIAN', NULL, 'Married', '08176444220 	', '', '', '', 'Lagos', 'ANAMBRA', 'IDEMILI-SOUTH', '160', NULL, NULL, 1, 25, 25, '2016-02-24 10:15:56', '2016-02-24 10:16:12', 0, '1', 25, 14, 0, 11, 14, NULL),
(41, 'Arinola13', 'Miss', 'Arinola ', 'Arinola ', 'Falase', 'female', '2016-02-17', NULL, 'arinolafalase@gmail.com', '', 'MUSLIM', NULL, 'Single', '07038604552 ', '', '', '', 'Lagos', 'EKITI', 'IKERE', '160', NULL, NULL, 1, 25, 25, '2016-02-24 10:20:57', '2016-02-24 10:27:03', 0, '1', 25, 14, 0, 11, 14, NULL),
(42, 'Happiness14', 'Miss', 'Happiness ', 'Chika', 'Kanu ', 'female', '2016-02-12', NULL, 'kanuchika31@gmail.com', '', 'CHRISTIAN', NULL, 'Divorced', '08123400842 	', '', '', '', 'Lagos', 'IMO', 'NKWERRE', '160', NULL, NULL, 1, 25, 25, '2016-02-24 10:25:27', '2016-02-24 10:27:06', 0, '1', 25, 14, 0, 11, 14, NULL),
(43, 'Obianuju15', 'Mrs', ' Obianuju ', 'Obianuju ', 'Madubuonu', 'female', '2016-02-18', NULL, 'nwosuirene@yahoo.com', '', 'CHRISTIAN', NULL, 'Married', '07064344393 ', '', '', '', 'Lagos', 'LAGOS', 'LAGOS MAINLAND', '160', NULL, NULL, 1, 25, 25, '2016-02-24 10:31:36', '2016-02-24 10:32:34', 0, '1', 25, 14, 0, 11, 13, NULL),
(44, 'Jamiu16', 'Mr', 'Jamiu ', 'Tunde ', 'Momodu  ', 'male', '2016-02-19', NULL, 'jamiumomodu@yahoo.com', '', 'MUSLIM', NULL, 'Single', '08028091573 ', '', '', '', 'Lagos', 'LAGOS', 'LAGOS MAINLAND', '160', NULL, NULL, 1, 25, 25, '2016-02-24 10:43:51', '2016-02-24 10:44:21', 0, '1', 25, 14, 0, 11, 13, NULL),
(45, 'Ifeoma17', 'Mrs', 'Chioma', 'Ifeoma', 'Nwali ', 'female', '2016-02-11', NULL, 'augustaigbokidi@yahoo.com', '', 'CHRISTIAN', NULL, 'Married', '08037425651 ', '', '', '', 'Lagos', 'LAGOS', 'LAGOS MAINLAND', '160', NULL, NULL, 1, 25, 25, '2016-02-24 10:50:29', '2016-02-24 10:50:44', 0, '1', 25, 14, 0, 11, 13, NULL),
(46, 'Uzoma18', 'Miss', 'Uzoma ', 'Uzoma', 'Obiora ', 'female', '2016-02-14', NULL, 'obiorauzoma@yahoo.co.uk', '', 'CHRISTIAN', NULL, 'Single', '08030974531 ', '', '', '', 'Lagos', 'LAGOS', 'LAGOS MAINLAND', '160', NULL, NULL, 1, 25, 25, '2016-02-24 10:54:10', '2016-02-24 10:54:14', 0, '1', 25, 14, 0, 11, 13, NULL),
(47, 'Makinde19', 'Mr', 'Makinde', 'Abideen ', 'Ogungbaiye ', 'male', '2016-02-12', NULL, 'anointingmakind2000@yahoo.com', '', 'CHRISTIAN', NULL, 'Married', '08034819040 ', '', '', '', 'Lagos', 'LAGOS', 'LAGOS ISLAND', '160', NULL, NULL, 1, 25, 25, '2016-02-24 11:04:24', '2016-02-24 11:05:28', 0, '1', 25, 14, 0, 11, 14, NULL),
(48, 'Maryann20', 'Miss', 'Obianuju ', 'Maryann ', 'Ojukwu ', 'female', '2016-02-19', NULL, 'maryoj4life@yahoo.com', '', 'CHRISTIAN', NULL, 'Single', '08032123009', '', '', '', 'Lagos', 'ABIA', 'AROCHUKWU', '160', NULL, NULL, 1, 25, 25, '2016-02-24 11:12:10', '2016-02-24 11:12:29', 0, '1', 25, 14, 0, 11, 13, NULL),
(49, 'Rosemary21', 'Mrs', ' Rosemary ', 'Ebele ', 'Okonkwo ', 'female', '2016-02-06', NULL, 'ebyrose5@yahoo.com', '', 'CHRISTIAN', NULL, 'Married', '08035730766 ', '', '', '', 'Lagos', 'LAGOS', 'LAGOS MAINLAND', '160', NULL, NULL, 1, 25, 25, '2016-02-24 11:21:49', '2016-02-24 11:31:27', 0, '1', 25, 14, 0, 11, 14, NULL),
(50, 'Nneka22', 'Miss', 'Nneka ', 'Nneka ', 'Okpala ', 'female', '2016-02-03', NULL, 'nneka4u2@yahoo.com', '', 'CHRISTIAN', NULL, 'Single', '08079976552', '', '', '', 'Lagos', 'LAGOS', 'LAGOS ISLAND', '160', NULL, NULL, 1, 25, 25, '2016-02-24 11:31:08', '2016-02-24 11:31:21', 0, '1', 25, 14, 0, 11, 13, NULL),
(51, 'Gladys23', 'Miss', 'Gladys ', 'Chikodili ', 'Oneafolu ', 'female', '2016-02-01', NULL, 'decentgladys@yahoo.com', '', 'CHRISTIAN', NULL, 'Single', '08037413481 ', '', '', '', 'Lagos', 'LAGOS', 'LAGOS ISLAND', '160', NULL, NULL, 1, 25, 25, '2016-02-24 11:35:00', '2016-02-24 11:36:17', 0, '1', 25, 14, 0, 11, 13, NULL),
(52, 'George24', 'Mr', 'Chukwu', 'George ', 'Onu ', 'male', '2016-02-03', NULL, 'onu.chukwu@yahoo.com', '', 'CHRISTIAN', NULL, 'Married', '08038752666 ', '', '', '', 'Lagos', 'LAGOS', 'LAGOS ISLAND', '160', NULL, NULL, 1, 25, 25, '2016-02-24 11:42:40', '2016-02-24 11:42:54', 0, '1', 25, 14, 0, 11, 13, NULL),
(53, 'Jacinta25', 'Miss', 'Jacinta ', 'Lechi ', 'Oparaugo ', 'male', '2016-02-06', NULL, 'ljessy44@gmail.com', '', 'CHRISTIAN', NULL, 'Single', '07034469990 ', '', '', '', 'Lagos', 'LAGOS', 'LAGOS ISLAND', '160', NULL, NULL, 1, 25, 25, '2016-02-24 11:52:01', '2016-02-24 12:01:26', 0, '1', 25, 14, 0, 11, 14, NULL),
(54, 'Momwa26', 'Miss', 'Momwa ', 'Gofwan ', 'Paul ', 'female', '2016-02-01', NULL, 'momwa2020@yahoo.com', '', 'BUDDHIST', NULL, 'Single', '08025233503', '', '', '', 'Lagos', 'LAGOS', 'LAGOS ISLAND', '160', NULL, NULL, 1, 25, 25, '2016-02-24 11:59:51', '2016-02-24 12:26:42', 0, '1', 25, 14, 0, 11, 13, NULL),
(55, 'Ganiat27', 'Miss', 'Ganiat', 'Omolara ', 'Sodeke ', 'female', '2016-02-01', NULL, 'omolarasodeke@yahoo.co.uk', '', 'CHRISTIAN', NULL, 'Single', '08061505438 ', '', '', '', 'Lagos', 'LAGOS', 'LAGOS ISLAND', '160', NULL, NULL, 1, 25, 25, '2016-02-24 12:23:04', '2016-02-24 12:26:44', 0, '1', 25, 14, 0, 11, 14, NULL),
(56, 'Chiamaka28', 'Miss', 'Chiamaka ', 'Chiamaka ', 'Ubajaka ', 'female', '2016-02-06', NULL, 'ubajaka.chiamaka@yahoo.com', '', 'CHRISTIAN', NULL, 'Single', '08137620813', '', '', '', 'Lagos', 'LAGOS', 'LAGOS ISLAND', '160', NULL, NULL, 1, 25, 25, '2016-02-24 12:31:44', '2016-02-24 12:34:36', 0, '1', 25, 14, 0, 11, 13, NULL),
(57, 'Veronica29', 'Miss', 'Veronica', 'Ngozi ', 'Udeh ', 'female', '2016-02-03', NULL, 'udeblessing344@gmail.com', '', 'CHRISTIAN', NULL, 'Single', '08062594547', '', '', '', 'Lagos', 'LAGOS', 'LAGOS MAINLAND', '160', NULL, NULL, 1, 25, 25, '2016-02-24 12:39:37', '2016-02-24 12:40:36', 0, '1', 25, 14, 0, 11, 13, NULL),
(58, 'Ada30', 'Mrs', 'Ada ', 'Ada ', 'Unigwe ', 'female', '2016-02-05', NULL, 'aa.unigwe@ymail.com', '', 'BUDDHIST', NULL, 'Married', '08038727054', '', '', '', 'Lagos', 'LAGOS', 'LAGOS MAINLAND', '160', NULL, NULL, 1, 25, 25, '2016-02-24 12:48:10', '2016-02-24 12:50:56', 0, '1', 25, 14, 0, 11, 13, NULL),
(59, 'Skola', 'Mr', 'Suite', 'Texting', 'Skola', 'male', '2016-03-04', NULL, 'mako.ifeanyi@appmartgroup.com', '', 'CHRISTIAN', NULL, 'Single', '08023100000', '', '', '', '', 'LAGOS', '', '160', NULL, NULL, 1, 1, 147, '2016-03-06 19:43:47', '2016-03-08 08:54:08', 0, '0', 147, 17, 0, 5, 1, NULL),
(60, 'suitetexting', 'Mr', 'suite', 'Texting', 'Kika', 'male', '2016-03-04', NULL, 'mako_ekene@yahoo.com', '', 'HINDU', NULL, 'Married', '08023100000', '', '', '', '', 'LAGOS', '', '160', NULL, NULL, 1, 147, 1, '2016-03-07 08:42:07', '2016-03-07 14:27:37', 0, '1', 1, 16, 0, 12, 15, NULL),
(61, 'abhishek', 'Mr', 'Abhishek', 'Kumar', 'Mishra', 'male', '1975-11-12', NULL, 'info@sdifamily.org', 'info@sdifamily.org', 'HINDU', NULL, 'Married', '9519860509', '9519860509', 'info@sdifamily.org', 'info@sdifamily.org', '', 'Kentucky', '', '231', NULL, NULL, 1, 1, 1, '2017-02-18 08:32:59', '2017-02-18 08:34:36', 0, '1', 1, 18, 0, 6, 1, 0);

-- --------------------------------------------------------

--
-- Table structure for table `states`
--

CREATE TABLE IF NOT EXISTS `states` (
  `id` int(11) NOT NULL AUTO_INCREMENT,
  `name` varchar(64) DEFAULT NULL COMMENT 'Name of State / Province',
  `abbreviation` varchar(4) DEFAULT NULL COMMENT '2-4 Character Abbreviation of State / Province',
  `code` varchar(11) DEFAULT NULL,
  `country_id` int(11) DEFAULT '160',
  PRIMARY KEY (`id`),
  UNIQUE KEY `abbreviation` (`abbreviation`),
  UNIQUE KEY `name` (`name`)
) ENGINE=InnoDB  DEFAULT CHARSET=utf8 AUTO_INCREMENT=89 ;

--
-- Dumping data for table `states`
--

INSERT INTO `states` (`id`, `name`, `abbreviation`, `code`, `country_id`) VALUES
(1, 'ABIA', '01', '01', 160),
(2, 'ADAMAWA', '02', '02', 160),
(3, 'AKWA IBOM', '03', '03', 160),
(4, 'ANAMBRA', '04', '04', 160),
(5, 'BAUCHI', '05', '05', 160),
(6, 'BAYELSA', '06', '06', 160),
(7, 'BENUE', '07', '07', 160),
(8, 'BORNO', '08', '08', 160),
(9, 'CROSS RIVER', '09', '09', 160),
(10, 'DELTA', '10', '10', 160),
(11, 'EBONYI', '11', '11', 160),
(12, 'EDO', '12', '12', 160),
(13, 'EKITI', '13', '13', 160),
(14, 'ENUGU', '14', '14', 160),
(15, 'FCT', '37', '37', 160),
(16, 'GOMBE', '15', '15', 160),
(17, 'IMO', '16', '16', 160),
(18, 'JIGAWA', '17', '17', 160),
(19, 'KADUNA', '18', '18', 160),
(20, 'KANO', '19', '19', 160),
(21, 'KATSINA', '20', '20', 160),
(22, 'KEBBI', '21', '21', 160),
(23, 'KOGI', '22', '22', 160),
(24, 'KWARA', '23', '23', 160),
(25, 'LAGOS', '24', '24', 160),
(26, 'NASARAWA', '25', '25', 160),
(27, 'NIGER', '26', '26', 160),
(28, 'OGUN', '27', '27', 160),
(29, 'ONDO', '28', '28', 160),
(30, 'OSUN', '29', '29', 160),
(31, 'OYO', '30', '30', 160),
(32, 'PLATEAU', '31', '31', 160),
(33, 'RIVERS', '32', '32', 160),
(34, 'SOKOTO', '33', '33', 160),
(35, 'TARABA', '34', '34', 160),
(36, 'YOBE', '35', '35', 160),
(37, 'ZAMFARA', '36', '36', 160),
(38, 'Alabama', 'AL', '', 231),
(39, 'Alaska', 'AK', '', 231),
(40, 'Arizona', 'AZ', '', 231),
(41, 'Arkansas', 'AR', '', 231),
(42, 'California', 'CA', '', 231),
(43, 'Colorado', 'CO', '', 231),
(44, 'Connecticut', 'CT', '', 231),
(45, 'Delaware', 'DE', '', 231),
(46, 'District of Columbia', 'DC', '', 231),
(47, 'Florida', 'FL', '', 231),
(48, 'Georgia', 'GA', '', 231),
(49, 'Hawaii', 'HI', '', 231),
(50, 'Idaho', 'ID', '', 231),
(51, 'Illinois', 'IL', '', 231),
(52, 'Indiana', 'IN', '', 231),
(53, 'Iowa', 'IA', '', 231),
(54, 'Kansas', 'KS', '', 231),
(55, 'Kentucky', 'KY', '', 231),
(56, 'Louisiana', 'LA', '', 231),
(57, 'Maine', 'ME', '', 231),
(58, 'Maryland', 'MD', '', 231),
(59, 'Massachusetts', 'MA', '', 231),
(60, 'Michigan', 'MI', '', 231),
(61, 'Minnesota', 'MN', '', 231),
(62, 'Mississippi', 'MS', '', 231),
(63, 'Missouri', 'MO', '', 231),
(64, 'Montana', 'MT', '', 231),
(65, 'Nebraska', 'NE', '', 231),
(66, 'Nevada', 'NV', '', 231),
(67, 'New Hampshire', 'NH', '', 231),
(68, 'New Jersey', 'NJ', '', 231),
(69, 'New Mexico', 'NM', '', 231),
(70, 'New York', 'NY', '', 231),
(71, 'North Carolina', 'NC', '', 231),
(72, 'North Dakota', 'ND', '', 231),
(73, 'Ohio', 'OH', '', 231),
(74, 'Oklahoma', 'OK', '', 231),
(75, 'Oregon', 'OR', '', 231),
(76, 'Pennsylvania', 'PA', '', 231),
(77, 'Rhode Island', 'RI', '', 231),
(78, 'South Carolina', 'SC', '', 231),
(79, 'South Dakota', 'SD', '', 231),
(80, 'Tennessee', 'TN', '', 231),
(81, 'Texas', 'TX', '', 231),
(82, 'Utah', 'UT', '', 231),
(83, 'Vermont', 'VT', '', 231),
(84, 'Virginia', 'VA', '', 231),
(85, 'Washington', 'WA', '', 231),
(86, 'West Virginia', 'WV', '', 231),
(87, 'Wisconsin', 'WI', '', 231),
(88, 'Wyoming', 'WY', '', 231);

-- --------------------------------------------------------

--
-- Table structure for table `users`
--

CREATE TABLE IF NOT EXISTS `users` (
  `id` int(11) NOT NULL AUTO_INCREMENT,
  `firstname` varchar(45) DEFAULT NULL,
  `lastname` varchar(45) DEFAULT NULL,
  `middlename` varchar(45) DEFAULT NULL,
  `email` varchar(45) DEFAULT NULL,
  `phone` varchar(45) DEFAULT NULL,
  `homephone` varchar(45) DEFAULT NULL,
  `address1` varchar(45) DEFAULT NULL,
  `address2` varchar(45) DEFAULT NULL,
  `city` varchar(45) DEFAULT NULL,
  `state` varchar(45) DEFAULT NULL,
  `country` varchar(45) DEFAULT NULL,
  `zip` varchar(45) DEFAULT NULL,
  `gender` enum('M','F') DEFAULT NULL,
  `dob` date DEFAULT NULL,
  `maritalstatus` varchar(45) DEFAULT NULL,
  `status` varchar(45) DEFAULT NULL,
  `deleted` varchar(45) DEFAULT NULL,
  `approved` varchar(45) DEFAULT NULL,
  `approvedby` int(11) DEFAULT NULL,
  `schoolid` int(11) DEFAULT NULL,
  `createddate` datetime DEFAULT NULL,
  `modifieddate` datetime DEFAULT NULL,
  `createdby` int(11) DEFAULT NULL,
  `modifiedby` int(11) DEFAULT NULL,
  `religion` varchar(45) DEFAULT NULL,
  `schoolcategory` int(11) DEFAULT NULL,
  `schoolclass` int(11) DEFAULT NULL,
  `studenttype` int(11) DEFAULT NULL,
  `studenthousename` varchar(45) DEFAULT NULL,
  `photo` varchar(45) DEFAULT NULL,
  `lga` varchar(45) DEFAULT NULL,
  `guardianname` varchar(45) DEFAULT NULL,
  `relation` varchar(45) DEFAULT NULL,
  `guardianname1` varchar(45) DEFAULT NULL,
  `relation1` varchar(45) DEFAULT NULL,
  PRIMARY KEY (`id`)
) ENGINE=MyISAM  DEFAULT CHARSET=latin1 AUTO_INCREMENT=2 ;

--
-- Dumping data for table `users`
--

INSERT INTO `users` (`id`, `firstname`, `lastname`, `middlename`, `email`, `phone`, `homephone`, `address1`, `address2`, `city`, `state`, `country`, `zip`, `gender`, `dob`, `maritalstatus`, `status`, `deleted`, `approved`, `approvedby`, `schoolid`, `createddate`, `modifieddate`, `createdby`, `modifiedby`, `religion`, `schoolcategory`, `schoolclass`, `studenttype`, `studenthousename`, `photo`, `lga`, `guardianname`, `relation`, `guardianname1`, `relation1`) VALUES
(1, 'Super', 'Admin', 'User', 'sshra', '9823534546', NULL, NULL, NULL, NULL, NULL, NULL, NULL, NULL, NULL, NULL, '1', '0', NULL, NULL, NULL, NULL, NULL, NULL, NULL, NULL, NULL, NULL, NULL, NULL, NULL, NULL, NULL, NULL, NULL, NULL);
